,city,month,latitude,longitude,hours_of_sun,temp,humidity,precip,cloudcover,avg_mth_en_consumption_house_kwh,energy_price_eur_kwh,solar_panel_power_kwh,monthly_energy_produced_kwh,montlhy_energy_cost_eur,montlhy_solar_panel_cost_saved,money_saved,solar_panel_price,years_to_pay_the_solar_panel,country
0,amsterdam,1.0,52.37,4.908,257.81194444444446,5.683870967741935,86.51612903225806,1.488483870967742,86.80000000000001,326.0,0.0595,405.0,13.577474376807523,19.397,0.8078597254200476,4.0,700.0,72.2072551679722,netherlands
1,amsterdam,2.0,52.37,4.908,277.9766666666667,6.867857142857143,79.45,3.6377142857142855,77.60357142857143,283.0,0.0595,405.0,24.296808368819942,16.8385,1.4456600979447864,9.0,700.0,40.35065601953222,netherlands
2,amsterdam,3.0,52.37,4.908,368.84777777777776,7.6,68.62258064516129,0.6335161290322581,39.05483870967742,285.0,0.0595,405.0,90.4651583282101,16.9575,5.3826769205285006,32.0,700.0,10.837234742969832,netherlands
3,amsterdam,4.0,52.37,4.908,418.5422222222222,9.473333333333333,69.76666666666667,1.4294,71.04333333333334,267.0,0.0595,405.0,48.38271842926704,15.8865,2.8787717465413887,18.0,700.0,20.263271446725888,netherlands
4,amsterdam,5.0,52.37,4.908,488.3569444444445,13.764516129032257,73.1258064516129,1.2747741935483872,70.98387096774194,274.0,0.0595,405.0,56.6578382956824,16.303,3.371141378593103,21.0,700.0,17.3037338937348,netherlands
5,amsterdam,6.0,52.37,4.908,501.446388888889,16.846666666666668,72.56666666666666,2.4974,61.35666666666667,289.0,0.0595,405.0,76.51918032790697,17.1955,4.552891229510465,26.0,700.0,12.812371390564813,netherlands
6,amsterdam,7.0,52.37,4.908,503.27722222222224,18.570967741935487,69.99354838709678,0.8619032258064516,71.27741935483871,310.0,0.0595,405.0,58.03985690599068,18.445,3.4533714859064455,19.0,700.0,16.891705271615724,netherlands
7,amsterdam,8.0,52.37,4.908,453.6025,20.1,71.39032258064516,1.2141935483870965,53.777419354838706,320.0,0.0595,405.0,83.88401343957248,19.04,4.991098799654563,26.0,700.0,11.687473174718685,netherlands
8,amsterdam,9.0,52.37,4.908,379.6438888888889,15.270000000000001,77.45333333333333,4.3938,74.99666666666667,299.0,0.0595,405.0,36.75491344130443,17.790499999999998,2.1869173497576138,12.0,700.0,26.67377134293561,netherlands
9,amsterdam,10.0,52.37,4.908,329.1738888888889,13.493548387096775,84.76129032258065,1.6409677419354838,78.87741935483871,308.0,0.0595,405.0,27.697567251451375,18.326,1.6480052514613568,9.0,700.0,35.396327336703976,netherlands
10,amsterdam,11.0,52.37,4.908,263.3627777777778,8.9,88.33666666666666,3.2854666666666663,80.8,329.0,0.0595,405.0,19.806255937555207,19.575499999999998,1.1784722282845348,6.0,700.0,49.49911583257872,netherlands
11,amsterdam,12.0,52.37,4.908,241.05333333333334,4.206451612903226,90.12903225806451,2.0656451612903224,81.4,342.0,0.0595,405.0,17.783456440139993,20.349,1.0581156581883295,5.0,700.0,55.12944911259486,netherlands
12,athens,1.0,37.97599999999999,23.736,306.12888888888887,7.929032258064517,69.70322580645161,2.6356451612903227,48.483870967741936,287.0,0.295,405.0,62.18742168526046,84.66499999999999,18.345289397151834,22.0,700.0,3.1797445148175076,greece
13,athens,2.0,37.976,23.736,302.26944444444445,10.37857142857143,70.1,0.7201785714285714,49.146428571428565,287.0,0.295,405.0,61.80615362570862,84.66499999999999,18.23281531958404,22.0,700.0,3.199359633214567,greece
14,athens,3.0,37.97599999999999,23.736,371.0186111111111,8.861290322580645,64.32903225806452,1.4089032258064518,51.5,308.0,0.295,405.0,71.85055962456217,90.86,21.195915089245837,23.0,700.0,2.7521026144764043,greece
15,athens,4.0,37.976,23.736,395.83222222222224,15.94,56.70666666666667,0.08966666666666666,33.346666666666664,333.0,0.295,405.0,106.75751324519622,98.235,31.493466407332885,32.0,700.0,1.8522360345748126,greece
16,athens,5.0,37.97599999999999,23.736,441.1277777777778,20.641935483870967,49.66129032258065,0.2374838709677419,30.316129032258065,364.0,0.295,405.0,124.19928374452041,107.38,36.63878870463352,34.0,700.0,1.5921195922603253,greece
17,athens,6.0,37.976,23.736,442.61305555555555,26.45,46.57666666666667,0.15506666666666666,27.933333333333334,401.0,0.295,405.0,128.9851489189379,118.29499999999999,38.05061893108668,32.0,700.0,1.5330455843301942,greece
18,athens,7.0,37.97599999999999,23.736,449.41333333333336,28.193548387096776,37.351612903225806,0.19503225806451613,13.087096774193547,456.0,0.295,405.0,157.88373513211772,134.51999999999998,46.57570186397473,35.0,700.0,1.252441315939736,greece
19,athens,8.0,37.97599999999999,23.736,421.4794444444444,27.529032258064515,50.34838709677419,1.7751612903225804,25.135483870967743,442.0,0.295,405.0,125.52457755472837,130.39,37.02975037864486,28.0,700.0,1.5753099261229233,greece
20,athens,9.0,37.976,23.736,372.8036111111111,23.790000000000003,56.07666666666667,0.7273,24.23,372.0,0.295,405.0,113.56964148170866,109.74,33.50304423710405,31.0,700.0,1.7411353105856024,greece
21,athens,10.0,37.97599999999999,23.736,347.425,19.393548387096775,54.49032258064516,0.4822903225806452,27.848387096774193,330.0,0.295,405.0,101.03282715667382,97.35,29.804684011218775,31.0,700.0,1.9571867734405803,greece
22,athens,11.0,37.976,23.736,304.10555555555555,15.95,66.93666666666667,1.5859999999999999,38.980000000000004,291.0,0.295,405.0,73.961969036607,85.845,21.818780865799063,25.0,700.0,2.673537705526473,greece
23,athens,12.0,37.97599999999999,23.736,296.97305555555556,13.212903225806452,75.96129032258065,0.9469677419354838,48.21290322580645,279.0,0.295,405.0,61.696625422216634,82.30499999999999,18.200504499553904,22.0,700.0,3.2050393622200466,greece
24,belgrade,1.0,44.813,20.463,286.6377777777778,1.6548387096774193,80.33548387096775,3.809903225806452,39.645161290322584,260.0,0.0617,405.0,67.39550110335118,16.041999999999998,4.158302418076768,26.0,700.0,14.02816040501276,serbia
25,belgrade,2.0,44.813,20.463,292.28027777777777,6.289285714285714,70.61071428571428,0.5712142857142857,33.30714285714286,244.0,0.0617,405.0,78.49572288613564,15.0548,4.843186102074569,32.0,700.0,12.044412934771673,serbia
26,belgrade,3.0,44.813,20.463,370.0572222222222,6.287096774193548,55.770967741935486,0.43529032258064515,24.529032258064515,274.0,0.0617,405.0,112.61837547238048,16.9058,6.948553766645875,41.0,700.0,8.395032303461806,serbia
27,belgrade,4.0,44.813,20.463,405.05444444444447,11.723333333333333,65.98666666666666,2.2120666666666664,31.55,315.0,0.0617,405.0,109.80627151422586,19.4355,6.7750469524277355,35.0,700.0,8.610026431245686,serbia
28,belgrade,5.0,44.813,20.463,460.04305555555555,19.503225806451614,57.15806451612904,0.9835806451612903,20.55483870967742,352.0,0.0617,405.0,146.56429080655337,21.7184,9.043016742764342,42.0,700.0,6.450649710452878,serbia
29,belgrade,6.0,44.813,20.463,465.8647222222222,23.916666666666668,61.07666666666667,1.2883666666666669,17.833333333333332,376.0,0.0617,405.0,153.03080214877755,23.199199999999998,9.442000492579576,41.0,700.0,6.178069295715164,serbia
30,belgrade,7.0,44.813,20.463,470.88416666666666,25.0,53.751612903225805,2.075741935483871,12.306451612903226,398.0,0.0617,405.0,163.76724539020216,24.5566,10.104439040575473,41.0,700.0,5.773040254791929,serbia
31,belgrade,8.0,44.813,20.463,434.53694444444443,24.42258064516129,65.16774193548387,2.7838064516129033,39.987096774193546,370.0,0.0617,405.0,102.67506321018419,22.829,6.335051400068364,28.0,700.0,9.2080284198963,serbia
32,belgrade,9.0,44.813,20.463,375.60805555555555,17.603333333333335,77.90333333333334,3.2565666666666666,54.99333333333333,323.0,0.0617,405.0,66.2351106331088,19.9291,4.086706326062813,21.0,700.0,14.273923467736045,serbia
33,belgrade,10.0,44.813,20.463,339.9291666666667,14.725806451612904,77.31935483870969,0.24890322580645158,40.354838709677416,306.0,0.0617,405.0,81.90989130834389,18.8802,5.053840293724818,27.0,700.0,11.54237766590366,serbia
34,belgrade,11.0,44.813,20.463,287.6088888888889,8.856666666666666,89.12333333333332,2.030666666666667,61.07,276.0,0.0617,405.0,44.42545494775679,17.0292,2.741050570276594,16.0,700.0,21.281378011003657,serbia
35,belgrade,12.0,44.813,20.463,274.6080555555556,6.267741935483872,80.94193548387096,2.281096774193548,57.71290322580645,260.0,0.0617,405.0,45.95732580671703,16.041999999999998,2.835567002274441,18.0,700.0,20.57201726728499,serbia
36,berlin,1.0,52.516,13.377,257.11,3.7225806451612904,84.15806451612903,0.9963870967741936,53.619354838709675,395.0,0.233,405.0,47.81474240880467,92.03500000000001,11.140834981251489,12.0,700.0,5.235992942315401,germany
37,berlin,2.0,52.516,13.377,277.6072222222222,5.228571428571429,77.21785714285714,2.0112857142857146,72.74285714285715,348.0,0.233,405.0,30.029090127186308,81.084,6.99677799963441,9.0,700.0,8.337170814392184,germany
38,berlin,3.0,52.516,13.377,368.7725,5.706451612903226,58.461290322580645,0.034967741935483874,29.070967741935487,354.0,0.233,405.0,105.89749710439263,82.482,24.674116825323484,30.0,700.0,2.364150812217311,germany
39,berlin,4.0,52.516,13.377,418.8016666666667,8.726666666666667,63.95333333333333,0.9629666666666666,66.71666666666667,327.0,0.233,405.0,55.90979006821602,76.191,13.026981085894333,17.0,700.0,4.477885777887319,germany
40,berlin,5.0,52.516,13.377,488.9822222222222,15.67741935483871,60.38709677419355,0.9194193548387097,62.23225806451613,353.0,0.233,405.0,74.10673100060846,82.24900000000001,17.26686832314177,21.0,700.0,3.3783389229390592,germany
41,berlin,6.0,52.516,13.377,502.2869444444445,20.35,57.97,0.9201666666666667,53.92333333333333,387.0,0.233,405.0,92.86952706203476,90.171,21.638599805454103,24.0,700.0,2.695799814118757,germany
42,berlin,7.0,52.516,13.377,504.0683333333334,20.238709677419354,56.78709677419355,1.0146451612903227,53.9483870967742,408.0,0.233,405.0,93.05939567252999,95.06400000000001,21.68283919169949,23.0,700.0,2.690299587503476,germany
43,berlin,8.0,52.516,13.377,454.0855555555556,21.72258064516129,63.36129032258064,1.803,58.751612903225805,391.0,0.233,405.0,74.4899875553327,91.10300000000001,17.356167100392522,19.0,700.0,3.3609571166213352,germany
44,berlin,9.0,52.516,13.377,379.7863888888889,13.99,74.31666666666666,1.5057333333333331,64.71333333333332,346.0,0.233,405.0,53.458406029078816,80.61800000000001,12.455808604775365,15.0,700.0,4.683223320481115,germany
45,berlin,10.0,52.516,13.377,328.98083333333335,12.903225806451612,82.26774193548388,0.8163870967741935,56.851612903225806,358.0,0.233,405.0,57.02038034571333,83.414,13.285748620551207,16.0,700.0,4.390669656589751,germany
46,berlin,11.0,52.516,13.377,262.84083333333336,6.0,86.69333333333334,0.319,70.32333333333332,401.0,0.233,405.0,31.490195980689798,93.433,7.337215663500723,8.0,700.0,7.950336477570758,germany
47,berlin,12.0,52.516,13.377,240.27194444444444,1.903225806451613,88.65806451612903,1.5634838709677419,81.30322580645162,424.0,0.233,405.0,17.909398661173224,98.792,4.172889888053361,4.0,700.0,13.979121160214854,germany
48,bern,1.0,46.948,7.44,279.49583333333334,0.8161290322580645,82.26129032258065,1.0161612903225805,32.116129032258065,483.0,0.222,405.0,76.06086369529079,107.226,16.885511740354556,16.0,700.0,3.45463816734218,switzerland
49,bern,2.0,46.948,7.44,288.7052777777778,3.6821428571428574,75.00714285714285,1.8346785714285716,60.232142857142854,452.0,0.222,405.0,45.64571658898113,100.34400000000001,10.133349082753812,10.0,700.0,5.756570000397225,switzerland
50,bern,3.0,46.948,7.44,369.7813888888889,6.019354838709678,65.51290322580645,0.4763548387096774,39.84516129032258,422.0,0.222,405.0,89.65962401912464,93.684,19.90443653224567,21.0,700.0,2.930669915665883,switzerland
51,bern,4.0,46.948,7.44,408.4775,8.693333333333333,71.39,2.6689333333333334,64.89333333333333,362.0,0.222,405.0,56.528080856180814,80.364,12.549233950072141,16.0,700.0,4.648358104201093,switzerland
52,bern,5.0,46.948,7.44,467.0877777777778,15.658064516129032,70.95161290322581,1.264032258064516,69.76451612903226,367.0,0.222,405.0,56.47364726581265,81.474,12.53714969301041,15.0,700.0,4.6528385447814165,switzerland
53,bern,6.0,46.948,7.44,474.57722222222225,19.31,70.68666666666667,3.4352,59.736666666666665,392.0,0.222,405.0,74.72922617123918,87.024,16.589888210015097,19.0,700.0,3.5161980957845316,switzerland
54,bern,7.0,46.948,7.44,478.84222222222223,20.62258064516129,63.851612903225806,2.334709677419355,42.52258064516129,410.0,0.222,405.0,108.8641703051263,91.02,24.167845807738036,27.0,700.0,2.413675335294312,switzerland
55,bern,8.0,46.948,7.44,439.2708333333333,19.990322580645163,68.6258064516129,1.7693225806451613,48.99677419354839,387.0,0.222,405.0,89.13169696486403,85.914,19.787236726199815,23.0,700.0,2.9480282740083426,switzerland
56,bern,9.0,46.948,7.44,376.58222222222224,14.03,80.11333333333333,6.283266666666666,69.2,370.0,0.222,405.0,44.0233102777776,82.14,9.773174881666627,12.0,700.0,5.968718869725752,switzerland
57,bern,10.0,46.948,7.44,337.16777777777776,13.245161290322581,87.95161290322581,2.591322580645161,69.98064516129033,437.0,0.222,405.0,39.9300714985833,97.014,8.864475872685492,9.0,700.0,6.58057330981953,switzerland
58,bern,11.0,46.948,7.44,281.52472222222224,6.623333333333333,88.59666666666666,2.0168333333333335,79.66666666666667,468.0,0.222,405.0,22.71598709141937,103.896,5.0429491342951,5.0,700.0,11.567305515066856,switzerland
59,bern,12.0,46.948,7.44,266.3155555555556,2.3096774193548386,90.3741935483871,3.1720967741935486,84.31612903225808,452.0,0.222,405.0,16.379677466163294,100.34400000000001,3.636288397488251,4.0,700.0,16.04199858669813,switzerland
60,brussels,1.0,50.844,4.356,264.51944444444445,4.374193548387097,87.86129032258064,1.984451612903226,79.9,390.0,0.3791,405.0,21.105889333626042,147.849,8.001242646377632,5.0,700.0,7.290534222173894,belgium
61,brussels,2.0,50.844,4.356,281.26222222222225,6.664285714285714,77.39999999999999,3.151535714285714,66.825,347.0,0.3791,405.0,36.599073974047926,131.5477,13.874708943561568,11.0,700.0,4.20429239781656,belgium
62,brussels,3.0,50.844,4.356,369.1361111111111,8.506451612903225,61.60645161290322,0.06935483870967743,35.63548387096775,353.0,0.3791,405.0,96.1582953527589,133.82229999999998,36.4536097682309,27.0,700.0,1.6002073238895118,belgium
63,brussels,4.0,50.844,4.356,415.46194444444444,10.093333333333334,67.42333333333333,1.1235,60.169999999999995,321.0,0.3791,405.0,66.26583335176522,121.69109999999999,25.121377423654195,21.0,700.0,2.3220595093009067,belgium
64,brussels,5.0,50.844,4.356,481.7725,15.135483870967741,68.14838709677419,1.9380322580645162,53.593548387096774,331.0,0.3791,405.0,88.79244102280931,125.4821,33.66121439174701,27.0,700.0,1.732953917064721,belgium
65,brussels,6.0,50.844,4.356,493.0400000000001,17.69333333333333,68.94,2.8199666666666667,48.94666666666667,347.0,0.3791,405.0,99.06912439765489,131.5477,37.55710505915097,29.0,700.0,1.5531903548332764,belgium
66,brussels,7.0,50.844,4.356,495.66805555555555,19.45483870967742,64.43225806451613,0.19748387096774192,51.270967741935486,371.0,0.3791,405.0,97.62818847933153,140.6461,37.01084625251458,26.0,700.0,1.5761145512680643,belgium
67,brussels,8.0,50.844,4.356,449.18833333333333,21.293548387096774,61.42903225806452,0.5348064516129033,45.39354838709678,362.0,0.3791,405.0,98.80947225029229,137.2342,37.45867093008581,27.0,700.0,1.5572718381335189,belgium
68,brussels,9.0,50.844,4.356,378.69944444444445,14.996666666666666,79.19,3.2590333333333334,66.81,330.0,0.3791,405.0,49.245592417099566,125.103,18.669004085322445,15.0,700.0,3.124608740066373,belgium
69,brussels,10.0,50.844,4.356,331.60583333333335,14.338709677419354,82.43225806451613,1.248774193548387,65.42903225806451,348.0,0.3791,405.0,45.84914243859332,131.9268,17.381409898470725,13.0,700.0,3.3560760418213076,belgium
70,brussels,11.0,50.844,4.356,268.95166666666665,9.113333333333333,87.09666666666666,1.9210333333333334,70.22,382.0,0.3791,405.0,31.814846934372497,144.8162,12.061008472820614,8.0,700.0,4.836522042479866,belgium
71,brussels,12.0,50.844,4.356,248.9027777777778,4.174193548387097,89.54516129032258,3.281741935483871,77.68387096774192,402.0,0.3791,405.0,21.75765552470301,152.3982,8.248327209414912,5.0,700.0,7.072141035669603,belgium
72,bucharest,1.0,44.434,26.103,287.8325,2.0193548387096776,71.58064516129032,0.22080645161290322,54.49032258064516,378.0,0.2683,405.0,52.93447372565843,101.41739999999999,14.202319300594155,14.0,700.0,4.107310369433319,romania
73,bucharest,2.0,44.434000000000005,26.103,292.87305555555554,5.2,64.08571428571429,0.2432857142857143,54.017857142857146,372.0,0.2683,405.0,54.40837862232277,99.8076,14.597767984369199,15.0,700.0,3.9960446964080205,romania
74,bucharest,3.0,44.434,26.103,370.09027777777777,5.300000000000001,55.829032258064515,0.48503225806451616,55.94516129032258,415.0,0.2683,405.0,65.71200548183754,111.3445,17.63053107077701,16.0,700.0,3.3086543507485207,romania
75,bucharest,4.0,44.434,26.103,404.4613888888889,11.836666666666668,66.0,2.3033333333333337,57.166666666666664,462.0,0.2683,405.0,68.54783003245626,123.9546,18.391382797708015,15.0,700.0,3.1717752805734105,romania
76,bucharest,5.0,44.434,26.103,458.85,18.070967741935487,61.95161290322581,2.5626129032258067,53.36451612903225,475.0,0.2683,405.0,84.44382085754951,127.4425,22.656277136080533,18.0,700.0,2.574709559870118,romania
77,bucharest,6.0,44.434,26.103,464.40222222222224,22.46333333333333,65.19333333333333,1.8484333333333332,55.9,445.0,0.2683,405.0,81.4113840251061,119.39349999999999,21.842674333935967,18.0,700.0,2.6706131511883364,romania
78,bucharest,7.0,44.434,26.103,469.55611111111114,25.654838709677417,51.49354838709677,0.763,44.68064516129032,392.0,0.2683,405.0,104.39825838117918,105.1736,28.01005272367037,27.0,700.0,2.082585631266512,romania
79,bucharest,8.0,44.434,26.103,433.74861111111113,25.958064516129035,56.53225806451613,1.1389677419354838,46.806451612903224,369.0,0.2683,405.0,92.37984368081186,99.00269999999999,24.78551205956182,25.0,700.0,2.3535254463637094,romania
80,bucharest,9.0,44.434,26.103,375.4563888888889,18.459999999999997,65.18666666666667,1.2827333333333333,54.09666666666667,336.0,0.2683,405.0,68.9051793563413,90.1488,18.48725962130637,21.0,700.0,3.155326128817101,romania
81,bucharest,10.0,44.434,26.103,340.41055555555556,14.02258064516129,66.22258064516129,0.33399999999999996,38.751612903225805,328.0,0.2683,405.0,84.15883728281163,88.0024,22.579816042978358,26.0,700.0,2.5834281918994306,romania
82,bucharest,11.0,44.434,26.103,288.6475,9.046666666666665,85.13333333333334,1.5482333333333334,69.61,320.0,0.2683,405.0,34.97655546804104,85.856,9.384209832075411,11.0,700.0,6.216115621578374,romania
83,bucharest,12.0,44.434,26.103,276.00694444444446,3.293548387096774,90.48064516129033,0.6113548387096774,73.97741935483872,324.0,0.2683,405.0,28.910936911857046,86.9292,7.756804373451245,9.0,700.0,7.520279038232211,romania
84,budapest,1.0,47.5,19.055,277.5005555555556,2.448387096774194,68.20967741935483,0.09306451612903227,24.58709677419355,304.0,0.0853,405.0,84.675969604338,25.9312,7.222860207250031,28.0,700.0,8.076209653729773,hungary
85,budapest,2.0,47.5,19.055,287.6736111111111,5.796428571428572,62.003571428571426,0.4615,24.12857142857143,276.0,0.0853,405.0,87.98819354693636,23.5428,7.505392909553671,32.0,700.0,7.77218914936224,hungary
86,budapest,3.0,47.5,19.055,369.635,6.77741935483871,45.3,0.4224193548387097,9.561290322580644,308.0,0.0853,405.0,134.81680729079253,26.2724,11.499873661904603,44.0,700.0,5.072519494416098,hungary
87,budapest,4.0,47.5,19.055,409.3425,10.156666666666666,61.34,1.9032333333333333,27.71333333333333,352.0,0.0853,405.0,117.5586939581574,30.0256,10.027756594630826,33.0,700.0,5.8171868037330325,hungary
88,budapest,5.0,47.5,19.055,468.9627777777778,17.961290322580645,58.5,0.7542903225806451,13.706451612903225,394.0,0.0853,405.0,162.66101047180757,33.608200000000004,13.874984193245187,41.0,700.0,4.2042089937466,hungary
89,budapest,6.0,47.5,19.055,476.9611111111111,22.636666666666667,57.15,1.7259,12.803333333333335,423.0,0.0853,405.0,165.53009030449553,36.0819,14.119716702973468,39.0,700.0,4.131338791028925,hungary
90,budapest,7.0,47.5,19.055,481.0622222222222,24.241935483870968,47.196774193548386,0.6825483870967741,10.01290322580645,411.0,0.0853,405.0,174.1253828588823,35.0583,14.85289515786266,42.0,700.0,3.9274049074838775,hungary
91,budapest,8.0,47.5,19.055,440.6275,24.338709677419356,57.9483870967742,1.6487419354838708,16.60967741935484,374.0,0.0853,405.0,146.35993065418074,31.9022,12.484502084801617,39.0,700.0,4.672459737448974,hungary
92,budapest,9.0,47.5,19.055,376.9172222222222,16.0,73.26,2.6639333333333335,45.38333333333333,338.0,0.0853,405.0,81.15214220152518,28.8314,6.922277729790098,24.0,700.0,8.426898718942638,hungary
93,budapest,10.0,47.5,19.055,336.4902777777778,12.812903225806451,80.20967741935483,0.4955483870967742,58.00645161290323,327.0,0.0853,405.0,56.944610642371345,27.8931,4.857375287794276,17.0,700.0,12.009229239485505,hungary
94,budapest,11.0,47.5,19.055,279.9169444444445,6.63,91.9,1.6512333333333333,73.57333333333332,300.0,0.0853,405.0,29.464258549229342,25.59,2.5133012542492628,10.0,700.0,23.20984531190147,hungary
95,budapest,12.0,47.5,19.055,264.0555555555556,2.364516129032258,87.60967741935484,2.312258064516129,67.78064516129032,296.0,0.0853,405.0,33.659467665565046,25.2488,2.8711525918726983,11.0,700.0,20.31704392809218,hungary
96,copenhagen,1.0,55.676,12.568,241.07250000000002,3.8806451612903223,84.28064516129032,1.8706129032258063,74.88709677419355,452.0,0.363,405.0,24.060170703566673,164.076,8.733841965394703,5.0,700.0,6.679000325911795,denmark
97,copenhagen,2.0,55.676,12.568,269.9075,4.007142857142857,84.13214285714285,3.30075,65.52142857142857,393.0,0.363,405.0,36.4453684081749,142.659,13.229668732167488,9.0,700.0,4.4092814804574685,denmark
98,copenhagen,3.0,55.676,12.568,368.125,4.083870967741936,73.56774193548387,0.041935483870967745,38.354838709677416,399.0,0.363,405.0,91.8686145393145,144.837,33.34830707777117,23.0,700.0,1.7492142313939627,denmark
99,copenhagen,4.0,55.676,12.568,426.04583333333335,6.796666666666667,69.77333333333334,1.0366666666666666,47.980000000000004,366.0,0.363,405.0,88.82925267756376,132.858,32.245018721955645,24.0,700.0,1.8090649546937352,denmark
100,copenhagen,5.0,55.676,12.568,504.78111111111116,12.316129032258065,73.29032258064517,1.5223870967741937,61.28387096774193,379.0,0.363,405.0,77.94487408750255,137.577,28.293989293763428,21.0,700.0,2.0616864143011178,denmark
101,copenhagen,6.0,55.676,12.568,522.8497222222223,16.279999999999998,74.28,1.1380000000000001,59.03,408.0,0.363,405.0,85.76839060762794,148.10399999999998,31.13392579056894,21.0,700.0,1.8736260157401547,denmark
102,copenhagen,7.0,55.676,12.568,522.4786111111111,17.783870967741933,69.41935483870968,0.6626774193548387,58.97096774193548,428.0,0.363,405.0,86.24367679375572,155.364,31.306454676133328,20.0,700.0,1.8633005217867777,denmark
103,copenhagen,8.0,55.676,12.568,464.5088888888889,19.241935483870968,73.47419354838709,1.6966129032258064,51.65161290322581,413.0,0.363,405.0,89.4127649276197,149.91899999999998,32.45683366872595,22.0,700.0,1.7972589048185839,denmark
104,copenhagen,9.0,55.676,12.568,381.9997222222222,14.08,75.60666666666665,2.255533333333333,64.61999999999999,372.0,0.363,405.0,53.501761392902665,135.036,19.42113938562367,14.0,700.0,3.003599952354705,denmark
105,copenhagen,10.0,55.676,12.568,323.3063888888889,12.338709677419354,85.16774193548386,1.0798387096774194,66.81935483870969,388.0,0.363,405.0,42.977282588491285,140.844,15.600753579622335,11.0,700.0,3.7391356151877293,denmark
106,copenhagen,11.0,55.676,12.568,249.56555555555556,7.983333333333333,84.38000000000001,0.5136,82.51666666666667,441.0,0.363,405.0,17.58035423824681,160.083,6.381668588483591,4.0,700.0,9.140765071787357,denmark
107,copenhagen,12.0,55.676,12.568,221.31694444444446,1.8870967741935485,88.15483870967742,1.593225806451613,77.21290322580644,460.0,0.363,405.0,20.099427216226307,166.98,7.296092079490149,4.0,700.0,7.99514763489795,denmark
108,dublin,1.0,53.348,-6.248,253.24861111111113,5.796774193548386,84.63870967741936,0.41125806451612906,68.6741935483871,484.0,0.3718,405.0,31.99739347393244,179.9512,11.896630893608082,7.0,700.0,4.903349011582358,ireland
109,dublin,2.0,53.348,-6.248,275.7977777777778,6.835714285714286,83.29642857142858,2.6525,74.15357142857144,443.0,0.3718,405.0,28.104193687650255,164.7074,10.449139213068365,6.0,700.0,5.582597010515269,ireland
110,dublin,3.0,53.348,-6.248,368.72777777777776,6.922580645161291,77.8225806451613,1.266483870967742,55.86129032258064,434.0,0.3718,405.0,65.0796361032462,161.3612,24.19660870318694,15.0,700.0,2.410806160850559,ireland
111,dublin,4.0,53.348,-6.248,420.7055555555556,8.153333333333332,78.78,0.5764,63.43666666666666,404.0,0.3718,405.0,61.93961996214511,150.2072,23.029150701925552,15.0,700.0,2.533021477359817,ireland
112,dublin,5.0,53.348,-6.248,492.9377777777778,12.070967741935483,77.92903225806452,1.7314516129032258,74.91612903225807,401.0,0.3718,405.0,49.21032405830759,149.0918,18.296398484878765,12.0,700.0,3.188241302327531,ireland
113,dublin,6.0,53.348,-6.248,507.28638888888895,13.753333333333334,75.83,1.6148666666666667,74.42,420.0,0.3718,405.0,51.70567971895311,156.156,19.224171719506767,12.0,700.0,3.0343743379145174,ireland
114,dublin,7.0,53.348,-6.248,508.49000000000007,16.63225806451613,75.46451612903226,0.7804193548387097,80.84516129032258,435.0,0.3718,405.0,39.13932452713834,161.733,14.552000859190036,9.0,700.0,4.008612554231265,ireland
115,dublin,8.0,53.348,-6.248,456.55333333333334,16.219354838709677,74.76774193548388,1.2626451612903227,63.58387096774193,428.0,0.3718,405.0,66.48471458772367,159.1304,24.719016883715664,16.0,700.0,2.3598565269706184,ireland
116,dublin,9.0,53.348,-6.248,380.2225,13.29,83.23,0.2552666666666667,73.86666666666666,401.0,0.3718,405.0,40.14002307503162,149.0918,14.924060579296757,10.0,700.0,3.9086770670346667,ireland
117,dublin,10.0,53.348,-6.248,327.4580555555556,12.274193548387096,82.33870967741936,2.165774193548387,66.16129032258064,414.0,0.3718,405.0,43.90513419242085,153.92520000000002,16.323928892742074,11.0,700.0,3.573486120689329,ireland
118,dublin,11.0,53.348,-6.248,259.4838888888889,9.056666666666667,83.30666666666666,1.4194,66.53,461.0,0.3718,405.0,34.674690295674495,171.3998,12.892049851931779,8.0,700.0,4.524752386416852,ireland
119,dublin,12.0,53.348,-6.248,235.62944444444443,4.483870967741935,86.6516129032258,1.6379354838709679,67.81290322580645,488.0,0.3718,405.0,30.213012044684486,181.4384,11.233197878213693,6.0,700.0,5.1929409564188616,ireland
120,helsinki,1.0,60.171,24.933,211.255,-2.164516129032258,88.25161290322582,2.3301612903225806,69.39032258064516,563.0,0.1873,405.0,25.578863433355917,105.4499,4.790921121067563,5.0,700.0,12.17580750324165,finland
121,helsinki,2.0,60.171,24.933,256.18638888888887,-1.1071428571428572,88.37857142857142,3.0500000000000003,69.82857142857144,506.0,0.1873,405.0,30.349725159599988,94.7738,5.6845035223930775,6.0,700.0,10.261816727448524,finland
122,helsinki,3.0,60.171,24.933,366.92805555555555,0.967741935483871,72.05806451612904,0.2510322580645161,31.625806451612902,481.0,0.1873,405.0,101.35299104248092,90.0913,18.983415222256678,21.0,700.0,3.072857683950448,finland
123,helsinki,4.0,60.171,24.933,438.80611111111114,4.14,66.57666666666667,0.46153333333333335,36.32,440.0,0.1873,405.0,112.64753469305904,82.41199999999999,21.098883248009958,26.0,700.0,2.7647592835907715,finland
124,helsinki,5.0,60.171,24.933,534.1525,9.577419354838709,64.93548387096774,1.5381935483870968,52.11290322580645,417.0,0.1873,405.0,102.0015088481402,78.1041,19.10488260725666,24.0,700.0,3.053320689402008,finland
125,helsinki,6.0,60.171,24.933,563.28,16.756666666666668,68.68,0.8127333333333333,39.626666666666665,443.0,0.1873,405.0,136.60935214818812,82.9739,25.586931657355635,31.0,700.0,2.279809635422381,finland
126,helsinki,7.0,60.171,24.933,557.6933333333334,18.480645161290322,71.2741935483871,1.0170322580645161,40.37096774193548,472.0,0.1873,405.0,133.3118355184156,88.40559999999999,24.96930679259924,28.0,700.0,2.3362015540865158,finland
127,helsinki,8.0,60.171,24.933,483.3538888888889,19.361290322580647,74.96774193548387,0.4746451612903226,32.39032258064516,488.0,0.1873,405.0,131.72337172138612,91.4024,24.67178752341562,27.0,700.0,2.3643740153797146,finland
128,helsinki,9.0,60.171,24.933,386.00555555555553,10.563333333333333,76.73,1.1792,53.45333333333333,466.0,0.1873,405.0,71.9093775142704,87.2818,13.468626408422846,15.0,700.0,4.331052890208132,finland
129,helsinki,10.0,60.171,24.933,313.4675,8.658064516129032,85.61612903225806,1.2355806451612903,61.47096774193548,498.0,0.1873,405.0,48.309902301043174,93.27539999999999,9.048444700985387,10.0,700.0,6.446780110948875,finland
130,helsinki,11.0,60.171,24.933,225.45555555555558,3.243333333333333,87.59333333333333,1.3840333333333334,85.9,544.0,0.1873,405.0,12.696450197773494,101.8912,2.3780451220429755,2.0,700.0,24.529952267356155,finland
131,helsinki,12.0,60.171,24.933,185.29222222222222,-1.929032258064516,90.73225806451612,1.965967741935484,79.53870967741935,560.0,0.1873,405.0,15.052966555059815,104.88799999999999,2.8194206357627034,3.0,700.0,20.68982988682465,finland
132,kyiv,1.0,50.451,30.524,266.0805555555556,-1.3741935483870968,81.83225806451614,1.7322580645161292,80.03870967741935,321.0,0.042,405.0,21.138187686972433,13.482000000000001,0.8878038828528423,7.0,700.0,65.70520185819278,ukraine
133,kyiv,2.0,50.451,30.524,281.9533333333333,1.5857142857142856,76.41785714285713,0.5892857142857143,56.43928571428571,293.0,0.042,405.0,49.449333607008285,12.306000000000001,2.076872011494348,17.0,700.0,28.087110332504995,ukraine
134,kyiv,3.0,50.451,30.524,369.06444444444446,2.225806451612903,60.63225806451613,0.4096774193548387,52.54516129032258,322.0,0.042,405.0,70.64068002849459,13.524000000000001,2.9669085611967727,22.0,700.0,19.661318213933498,ukraine
135,kyiv,4.0,50.451,30.524,414.57,7.996666666666667,69.52,1.4966666666666666,80.82333333333332,377.0,0.042,405.0,31.715892799519516,15.834000000000001,1.3320674975798197,8.0,700.0,43.79157470572388,ukraine
136,kyiv,5.0,50.451,30.524,480.05555555555554,14.432258064516128,51.63548387096775,1.1290322580645162,59.56774193548387,444.0,0.042,405.0,77.72188137330905,18.648,3.26431901767898,18.0,700.0,17.869985444869272,ukraine
137,kyiv,6.0,50.451,30.524,490.97388888888895,21.823333333333334,54.47666666666667,1.4400000000000002,56.263333333333335,464.0,0.042,405.0,85.715585251296,19.488,3.6000545805544326,18.0,700.0,16.203458038780514,ukraine
138,kyiv,7.0,50.451,30.524,493.88694444444445,21.19677419354839,61.593548387096774,1.2806451612903227,59.670967741935485,458.0,0.042,405.0,79.63476053191363,19.236,3.3446599423403724,17.0,700.0,17.440736678454524,ukraine
139,kyiv,8.0,50.451,30.524,448.2316666666667,22.238709677419354,67.94516129032259,2.009677419354839,68.18709677419355,418.0,0.042,405.0,56.59056764409007,17.556,2.376803841051783,14.0,700.0,24.54276298523637,ukraine
140,kyiv,9.0,50.451,30.524,378.60333333333335,12.783333333333333,76.17333333333333,2.1533333333333333,79.41666666666667,370.0,0.042,405.0,30.881699942925,15.540000000000001,1.29703139760285,8.0,700.0,44.974495946007124,ukraine
141,kyiv,10.0,50.451,30.524,332.3458333333333,10.438709677419356,75.85483870967742,1.1580645161290322,62.877419354838715,341.0,0.042,405.0,49.38836645925,14.322000000000001,2.0743113912885,14.0,700.0,28.121782283179005,ukraine
142,kyiv,11.0,50.451,30.524,270.43083333333334,3.3800000000000003,87.38333333333334,2.203333333333333,85.94,319.0,0.042,405.0,15.059848493000256,13.398000000000001,0.6325136367060108,5.0,700.0,92.22462560193999,ukraine
143,kyiv,12.0,50.451,30.524,250.84166666666667,-0.7548387096774193,85.02903225806452,1.635483870967742,86.73548387096774,313.0,0.042,405.0,13.255147749483868,13.146,0.5567162054783225,4.0,700.0,104.7810944953797,ukraine
144,lisbon,1.0,38.72599999999999,-9.149,304.2663888888889,11.887096774193548,68.54516129032258,0.14232258064516132,35.309677419354834,373.0,0.1972,405.0,79.60306332754173,73.5556,15.69772408819123,21.0,700.0,3.716037624665296,portugal
145,lisbon,2.0,38.726,-9.149,301.3688888888889,13.667857142857143,64.80357142857143,0.2576428571428571,38.46785714285714,378.0,0.1972,405.0,74.90919106086318,74.54159999999999,14.772092477202218,20.0,700.0,3.948887635476099,portugal
146,lisbon,3.0,38.72599999999999,-9.149,371.03805555555556,13.716129032258063,74.31935483870969,3.0215483870967743,49.71935483870968,401.0,0.1972,405.0,73.27394360440837,79.07719999999999,14.449621678789331,18.0,700.0,4.037014575887555,portugal
147,lisbon,4.0,38.726,-9.149,396.85583333333335,14.99,67.26666666666667,1.4867333333333335,46.093333333333334,417.0,0.1972,405.0,85.35421840931816,82.2324,16.83185187031754,20.0,700.0,3.4656515386879323,portugal
148,lisbon,5.0,38.72599999999999,-9.149,443.07194444444445,20.34193548387097,58.354838709677416,0.18787096774193546,47.84516129032258,429.0,0.1972,405.0,93.41297430192361,84.5988,18.421038532339335,22.0,700.0,3.1666690903949504,portugal
149,lisbon,6.0,38.726,-9.149,444.90472222222223,20.44,66.84,0.26406666666666667,40.663333333333334,452.0,0.1972,405.0,106.63427983306505,89.1344,21.028279983080427,24.0,700.0,2.774042070025173,portugal
150,lisbon,7.0,38.72599999999999,-9.149,451.46555555555557,24.783870967741933,53.81612903225806,0.015419354838709676,27.703225806451613,466.0,0.1972,405.0,132.16960562758416,91.89519999999999,26.063846229759594,28.0,700.0,2.2380938261801346,portugal
151,lisbon,8.0,38.72599999999999,-9.149,422.6713888888889,22.270967741935483,66.86774193548388,3.2258064516129034e-05,32.47741935483871,459.0,0.1972,405.0,115.58640763179197,90.5148,22.793639584989375,25.0,700.0,2.5591934590274223,portugal
152,lisbon,9.0,38.726,-9.149,372.96694444444444,21.42,72.3,1.5194333333333332,41.526666666666664,426.0,0.1972,405.0,86.98287471452566,84.0072,17.15302289370446,20.0,700.0,3.400761119181096,portugal
153,lisbon,10.0,38.72599999999999,-9.149,346.56194444444446,20.029032258064515,74.15483870967742,3.7240967741935487,45.26451612903226,408.0,0.1972,405.0,73.9643522507494,80.4576,14.585770263847781,18.0,700.0,3.999331696449248,portugal
154,lisbon,11.0,38.726,-9.149,302.3861111111111,15.416666666666666,85.09666666666666,2.1920333333333333,50.04,383.0,0.1972,405.0,59.843022870442354,75.52759999999999,11.801044110051231,16.0,700.0,4.94306544313731,portugal
155,lisbon,12.0,38.72599999999999,-9.149,294.7522222222222,14.422580645161291,92.43548387096774,5.968967741935484,60.08709677419355,368.0,0.1972,405.0,44.80192081389241,72.5696,8.834938784499583,12.0,700.0,6.602573572515972,portugal
156,ljubljana,1.0,46.051,14.503,282.57,0.6838709677419356,80.93870967741935,2.9966129032258064,45.39354838709678,244.0,0.1533,405.0,60.6194414267016,37.4052,9.292960370713354,25.0,700.0,6.277152920738808,slovenia
157,ljubljana,2.0,46.051,14.503,290.2347222222222,4.757142857142857,69.85357142857143,1.2939642857142857,60.957142857142856,231.0,0.1533,405.0,45.29911243695191,35.412299999999995,6.9443539365847275,20.0,700.0,8.400109479733977,slovenia
158,ljubljana,3.0,46.051,14.503,369.8911111111111,6.370967741935484,49.50322580645161,0.6821612903225807,33.3258064516129,254.0,0.1533,405.0,99.2005202207417,38.938199999999995,15.2074397498397,39.0,700.0,3.8358418177489884,slovenia
159,ljubljana,4.0,46.051,14.503000000000002,406.9963888888889,9.616666666666667,66.81333333333333,2.5760666666666667,60.57,290.0,0.1533,405.0,63.31957857458564,44.457,9.706891395483979,22.0,700.0,6.009476253177435,slovenia
160,ljubljana,5.0,46.051,14.503,464.0436111111111,16.532258064516128,72.05483870967741,1.6968709677419356,59.248387096774195,334.0,0.1533,405.0,75.28803548471605,51.2022,11.54165583980697,23.0,700.0,5.054156365687382,slovenia
161,ljubljana,6.0,46.051,14.503000000000002,470.8075,21.39,68.26666666666667,0.5529666666666666,47.85333333333333,358.0,0.1533,405.0,98.88189489197924,54.8814,15.158594486940418,28.0,700.0,3.8482019809679087,slovenia
162,ljubljana,7.0,46.051,14.503,475.41027777777776,22.741935483870968,60.78709677419354,0.9332580645161289,44.141935483870974,369.0,0.1533,405.0,106.54604989761154,56.567699999999995,16.333509449303847,29.0,700.0,3.5713900625207997,slovenia
163,ljubljana,8.0,46.051,14.503,437.2375,21.490322580645163,67.49032258064516,1.0266774193548387,57.91290322580645,343.0,0.1533,405.0,73.76316520916308,52.5819,11.3078932265647,22.0,700.0,5.158638498309805,slovenia
164,ljubljana,9.0,46.051,14.503000000000002,376.17055555555555,15.133333333333333,80.02,13.454266666666665,66.31333333333333,305.0,0.1533,405.0,44.41641713388806,46.756499999999996,6.809036746625039,15.0,700.0,8.567046339153153,slovenia
165,ljubljana,10.0,46.051,14.503,338.3619444444444,14.04516129032258,81.59032258064516,1.5359032258064516,52.351612903225806,272.0,0.1533,405.0,64.2928445499531,41.697599999999994,9.85609306950781,24.0,700.0,5.918504718041016,slovenia
166,ljubljana,11.0,46.051,14.503000000000002,284.15250000000003,7.696666666666667,85.73666666666666,2.226633333333333,81.22666666666667,247.0,0.1533,405.0,21.123625809432962,37.8651,3.238251836586073,9.0,700.0,18.01383470991288,slovenia
167,ljubljana,12.0,46.051,14.503,269.89722222222224,4.054838709677419,86.11935483870967,5.988741935483871,92.18064516129031,241.0,0.1533,405.0,8.03533937748022,36.945299999999996,1.2318175265677176,3.0,700.0,47.35549874490809,slovenia
168,london,1.0,51.506,-0.127,261.69222222222226,5.961290322580646,82.69999999999999,0.5427096774193548,55.71612903225807,585.0,0.25,405.0,46.679698022998195,146.25,11.669924505749549,8.0,700.0,4.998604173025593,united kingdom
169,london,2.0,51.50600000000001,-0.127,279.8877777777778,8.307142857142857,74.89285714285714,1.8432857142857142,56.964285714285715,535.0,0.25,405.0,47.883731298891206,133.75,11.970932824722802,9.0,700.0,4.872914599676078,united kingdom
170,london,3.0,51.506,-0.127,369.04083333333335,9.33548387096774,72.46774193548387,1.097,47.87096774193548,544.0,0.25,405.0,77.05814909830258,136.0,19.264537274575645,14.0,700.0,3.0280163235645787,united kingdom
171,london,4.0,51.506,-0.127,416.7972222222222,11.013333333333332,64.31,0.6198,42.70333333333333,514.0,0.25,405.0,96.11895984154371,128.5,24.02973996038593,19.0,700.0,2.427547423713214,united kingdom
172,london,5.0,51.506,-0.127,484.5836111111111,14.77741935483871,69.06774193548387,1.218290322580645,49.60967741935484,506.0,0.25,405.0,97.68939550822344,126.5,24.42234887705586,19.0,700.0,2.388522644852393,united kingdom
173,london,6.0,51.506,-0.127,496.5958333333334,17.403333333333332,64.35333333333332,0.7650666666666666,39.86666666666667,519.0,0.25,405.0,120.015670360938,129.75,30.0039175902345,23.0,700.0,1.9441905597127531,united kingdom
174,london,7.0,51.506,-0.127,498.8727777777778,21.23548387096774,55.88387096774194,0.007612903225806452,41.064516129032256,539.0,0.25,405.0,119.06623453364176,134.75,29.76655863341044,22.0,700.0,1.9596935625557705,united kingdom
175,london,8.0,51.506,-0.127,451.0391666666667,21.203225806451613,61.60322580645161,2.244870967741935,37.119354838709675,533.0,0.25,405.0,112.28605442555741,133.25,28.071513606389352,21.0,700.0,2.0780259358745834,united kingdom
176,london,9.0,51.506,-0.127,379.0761111111111,15.993333333333334,73.12666666666668,1.6979,54.50333333333333,497.0,0.25,405.0,68.66316442088231,124.25,17.165791105220578,14.0,700.0,3.398231574401054,united kingdom
177,london,10.0,51.506,-0.127,330.5447222222222,14.37741935483871,80.83548387096775,2.1957741935483868,51.86129032258064,529.0,0.25,405.0,63.02854987506687,132.25,15.757137468766718,12.0,700.0,3.702026046860336,united kingdom
178,london,11.0,51.506,-0.127,266.55916666666667,10.57,85.08333333333333,3.623266666666667,66.09666666666666,580.0,0.25,405.0,35.274693324859435,145.0,8.818673331214859,6.0,700.0,6.614751577978833,united kingdom
179,london,12.0,51.506,-0.127,245.57583333333335,5.525806451612904,85.42903225806451,1.4361290322580644,63.07741935483871,616.0,0.25,405.0,36.195155678629106,154.0,9.048788919657277,6.0,700.0,6.446534873480363,united kingdom
180,luxembourg,1.0,49.61,6.13,269.5666666666667,2.1258064516129034,91.88064516129033,2.0126774193548385,64.65806451612903,349.0,0.1696,405.0,37.80780222391211,59.1904,6.412203257175494,11.0,700.0,9.09723709523028,luxembourg
181,luxembourg,2.0,49.61,6.13,283.75138888888887,4.7749999999999995,81.44285714285715,2.2437142857142858,64.86785714285715,316.0,0.1696,405.0,39.467748424806445,53.5936,6.693730132847173,12.0,700.0,8.714622815025454,luxembourg
182,luxembourg,3.0,49.61,6.13,369.34555555555556,6.95483870967742,59.53548387096774,0.7659032258064515,33.83548387096774,322.0,0.1696,405.0,98.21412741575368,54.611200000000004,16.657116009711824,31.0,700.0,3.5020067879291026,luxembourg
183,luxembourg,4.0,49.61,6.13,413.115,8.843333333333334,66.29,0.30493333333333333,56.99,297.0,0.1696,405.0,71.74127622066273,50.3712,12.167320447024398,24.0,700.0,4.794262926444018,luxembourg
184,luxembourg,5.0,49.61,6.13,476.80916666666667,15.506451612903225,62.983870967741936,0.8916129032258064,46.62903225806452,306.0,0.1696,405.0,102.14452788275953,51.8976,17.323711928916016,33.0,700.0,3.36725371402452,luxembourg
185,luxembourg,6.0,49.61,6.13,486.76500000000004,18.48,66.15666666666667,1.3876,45.373333333333335,322.0,0.1696,405.0,106.19659593248868,54.611200000000004,18.01094267015008,33.0,700.0,3.238771806764474,luxembourg
186,luxembourg,7.0,49.61,6.13,489.97194444444443,20.654838709677417,54.27096774193548,0.21283870967741936,36.50322580645161,344.0,0.1696,405.0,125.73395225088086,58.3424,21.324478301749394,37.0,700.0,2.7355104546003286,luxembourg
187,luxembourg,8.0,49.61,6.13,445.8597222222222,21.661290322580644,54.92580645161291,0.6900645161290322,38.809677419354834,339.0,0.1696,405.0,109.73084075950767,57.4944,18.6103505928125,32.0,700.0,3.134456443601994,luxembourg
188,luxembourg,9.0,49.61,6.13,377.99361111111114,13.99,77.21333333333334,1.7801666666666667,56.64333333333333,311.0,0.1696,405.0,65.1920384587815,52.7456,11.056569722609343,21.0,700.0,5.275897931891909,luxembourg
189,luxembourg,10.0,49.61,6.13,333.46916666666664,12.919354838709678,86.8741935483871,1.0269032258064517,62.32258064516129,328.0,0.1696,405.0,50.36270121322202,55.6288,8.541514125762454,15.0,700.0,6.82939025498904,luxembourg
190,luxembourg,11.0,49.61,6.13,273.18361111111113,7.48,91.65,0.37456666666666666,77.8,364.0,0.1696,405.0,24.469937640785478,61.7344,4.150101423877217,7.0,700.0,14.05588138104722,luxembourg
191,luxembourg,12.0,49.61,6.13,254.7941666666667,2.803225806451613,89.56451612903226,0.3596451612903226,75.38387096774194,383.0,0.1696,405.0,25.31043034097694,64.9568,4.292648985829689,7.0,700.0,13.589122596768435,luxembourg
192,madrid,1.0,40.42,-3.6919999999999997,299.7311111111111,6.625806451612903,62.31935483870968,0.4116451612903226,25.548387096774192,470.0,0.2966,405.0,90.00559672248211,139.402,26.69565998788819,19.0,700.0,2.185124224679185,spain
193,madrid,2.0,40.42,-3.692,299.0225,9.782142857142857,57.625,0.2315,39.839285714285715,443.0,0.2966,405.0,72.6884349249368,131.3938,21.55938979873625,16.0,700.0,2.705704283743349,spain
194,madrid,3.0,40.42,-3.6919999999999997,370.79083333333335,9.906451612903227,71.85806451612903,3.3054193548387096,78.74838709677418,460.0,0.2966,405.0,30.858729613051047,136.43599999999998,9.15269920323094,7.0,700.0,6.373347581743037,spain
195,madrid,4.0,40.42,-3.692,398.98333333333335,11.896666666666667,63.11,1.8480333333333334,50.266666666666666,459.0,0.2966,405.0,78.87808385121899,136.1394,23.39523967027155,17.0,700.0,2.4933847293497826,spain
196,madrid,5.0,40.42,-3.6919999999999997,447.44138888888887,19.916129032258063,47.82258064516129,0.3300967741935483,36.351612903225806,454.0,0.2966,405.0,114.95890460743098,134.6564,34.096811106564026,25.0,700.0,1.7108149249213367,spain
197,madrid,6.0,40.42,-3.692,450.2625,24.38,36.5,0.03556666666666666,33.653333333333336,465.0,0.2966,405.0,120.9443036379228,137.91899999999998,35.8720804590079,26.0,700.0,1.626148597653615,spain
198,madrid,7.0,40.42,-3.6919999999999997,456.4352777777778,29.23548387096774,28.845161290322583,0.16348387096774192,9.041935483870969,473.0,0.2966,405.0,167.86681668446238,140.2918,49.78929782861154,35.0,700.0,1.1716038561968218,spain
199,madrid,8.0,40.42,-3.6919999999999997,425.71972222222223,27.458064516129035,35.00322580645161,0.07235483870967743,19.85483870967742,463.0,0.2966,405.0,138.08348956969633,137.3258,40.955563006371925,30.0,700.0,1.424307934046902,spain
200,madrid,9.0,40.42,-3.692,373.6355555555555,20.956666666666667,50.27333333333333,0.7941666666666667,37.74333333333333,451.0,0.2966,405.0,93.460111385846,133.76659999999998,27.720269037041923,21.0,700.0,2.104356680499165,spain
201,madrid,10.0,40.42,-3.6919999999999997,344.82416666666666,17.848387096774193,62.3,0.735516129032258,50.70967741935484,440.0,0.2966,405.0,68.32950392597012,130.504,20.266530864442736,16.0,700.0,2.8783087605623776,spain
202,madrid,11.0,40.42,-3.692,298.5625,11.120000000000001,78.08,1.1860666666666666,58.763333333333335,425.0,0.2966,405.0,49.27107308276419,126.05499999999999,14.613800276347858,12.0,700.0,3.9916607747640196,spain
203,madrid,12.0,40.42,-3.6919999999999997,289.5761111111111,8.961290322580645,88.68064516129031,4.022903225806452,70.41290322580646,425.0,0.2966,405.0,33.303334204459944,126.05499999999999,9.877768925042819,8.0,700.0,5.90551710370978,spain
204,minsk,1.0,53.904,27.566,250.38805555555558,-2.358064516129032,87.74516129032257,1.481818181818182,81.41935483870968,347.0,0.056,405.0,18.562899294052784,19.432000000000002,1.039522360466956,5.0,700.0,56.115515694275075,belarus
205,minsk,2.0,53.904,27.566,274.3025,-0.3428571428571429,83.91785714285713,1.1892857142857143,66.88214285714285,315.0,0.056,405.0,36.3539040132253,17.64,2.035818624740617,12.0,700.0,28.65350214622659,belarus
206,minsk,3.0,53.904,27.566,368.40722222222223,0.5225806451612903,64.29354838709678,0.07419354838709677,33.90967741935484,332.0,0.056,405.0,98.53685396859709,18.592,5.518063822241437,30.0,700.0,10.571340820345629,belarus
207,minsk,4.0,53.904,27.566,421.75166666666667,4.943333333333333,77.23333333333333,3.02,59.376666666666665,375.0,0.056,405.0,67.29294992360849,21.0,3.7684051957220754,18.0,700.0,15.47958096426409,belarus
208,minsk,5.0,53.904,27.566,495.4763888888889,10.996774193548386,66.51935483870967,1.493548387096774,35.87096774193548,430.0,0.056,405.0,126.76441262420136,24.080000000000002,7.0988071069552765,29.0,700.0,8.21734306263646,belarus
209,minsk,6.0,53.904,27.566,510.7433333333334,18.48,71.87666666666668,1.2,32.00666666666667,459.0,0.056,405.0,138.95718484283998,25.704,7.781602351199039,30.0,700.0,7.49631383108968,belarus
210,minsk,7.0,53.904,27.566,511.73638888888894,18.0,76.24193548387096,1.8870967741935485,39.67741935483871,459.0,0.056,405.0,122.66124348295396,25.704,6.869029635045422,27.0,700.0,8.49222327353485,belarus
211,minsk,8.0,53.904,27.566,458.52444444444444,20.82903225806452,68.80322580645162,0.39354838709677425,27.358064516129033,416.0,0.056,405.0,134.36692941460646,23.296,7.524548047217962,32.0,700.0,7.752403595176831,belarus
212,minsk,9.0,53.904,27.566,380.80027777777775,10.103333333333333,82.51666666666667,1.3299999999999998,74.57,373.0,0.056,405.0,38.69757655769363,20.888,2.1670642872308434,10.0,700.0,26.918136982393758,belarus
213,minsk,10.0,53.904,27.566,326.685,8.306451612903226,87.69354838709677,1.5903225806451615,74.44193548387096,346.0,0.056,405.0,33.27744600882978,19.376,1.8635369764944676,10.0,700.0,31.30248235968207,belarus
214,minsk,11.0,53.904,27.566,257.3725,1.4933333333333332,92.09666666666666,1.37,92.88333333333334,325.0,0.056,405.0,7.316490652576868,18.2,0.40972347654430463,2.0,700.0,142.37244549745876,belarus
215,minsk,12.0,53.904,27.566,232.43444444444444,-3.5483870967741935,92.40967741935484,2.0806451612903225,90.70322580645161,315.0,0.056,405.0,8.569516824978665,17.64,0.47989294219880524,3.0,700.0,121.5548890259936,belarus
216,oslo,1.0,59.912,10.75,213.35,-0.6903225806451614,78.18064516129031,27.603290322580644,70.20322580645161,1316.0,0.2751,405.0,18.639563969881646,362.0316,5.127744048114441,1.0,700.0,11.376022825239005,norway
217,oslo,2.0,59.912,10.75,257.17805555555555,-0.4357142857142858,79.66428571428571,21.484428571428573,62.54642857142857,1180.0,0.2751,405.0,30.629362945834647,324.618,8.426137746399112,3.0,700.0,6.922902887299929,norway
218,oslo,3.0,59.912,10.75,367.11,1.2032258064516128,70.63548387096773,20.511548387096774,44.74193548387097,1187.0,0.2751,405.0,65.30567826133395,326.5437,17.965592089692972,6.0,700.0,3.246947444988452,norway
219,oslo,4.0,59.912,10.75,438.0675,5.243333333333334,51.96666666666667,0.22633333333333333,59.56666666666667,1085.0,0.2751,405.0,71.57338156312989,298.4835,19.689837268017033,7.0,700.0,2.962611246568626,norway
220,oslo,5.0,59.912,10.75,532.2386111111111,10.474193548387097,60.380645161290325,0.0,64.69677419354838,1136.0,0.2751,405.0,76.09844647741937,312.5136,20.93468262593807,7.0,700.0,2.7864445989287816,norway
221,oslo,6.0,59.912,10.75,560.4244444444445,16.043333333333333,67.61999999999999,0.0,61.95,1296.0,0.2751,405.0,86.36280795,356.5296,23.758408467045,7.0,700.0,2.4552710849401715,norway
222,oslo,7.0,59.912,10.75,555.1830555555556,16.541935483870965,65.03870967741936,0.1272258064516129,67.43225806451613,1517.0,0.2751,405.0,73.13512156667181,417.3267,20.119471942991417,5.0,700.0,2.8993471348860944,norway
223,oslo,8.0,59.912,10.75,482.00416666666666,16.37741935483871,71.1,0.6806451612903225,59.306451612903224,1513.0,0.2751,405.0,78.89786777815719,416.22630000000004,21.704803425771043,5.0,700.0,2.6875771316164823,norway
224,oslo,9.0,59.912,10.75,385.6433333333333,11.236666666666668,76.95,2.1647666666666665,66.98666666666666,1355.0,0.2751,405.0,50.44585803386856,372.76050000000004,13.877655545117241,4.0,700.0,4.203399712846852,norway
225,oslo,10.0,59.912,10.75,314.00416666666666,7.532258064516129,89.80000000000001,3.776709677419355,73.1741935483871,1321.0,0.2751,405.0,32.826412635629524,363.4071,9.030546116061682,2.0,700.0,6.4595576594844,norway
226,oslo,11.0,59.912,10.75,226.98638888888888,4.61,89.01,3.050433333333333,89.1,1365.0,0.2751,405.0,9.714651134944996,375.5115,2.6725005272233684,1.0,700.0,21.827248578296658,norway
227,oslo,12.0,59.912,10.75,187.76527777777778,-3.7580645161290325,86.25806451612904,16.83616129032258,79.18709677419353,1477.0,0.2751,405.0,13.1624731909938,406.3227,3.620996374842395,1.0,700.0,16.109746405330856,norway
228,paris,1.0,48.857,2.341,272.5108333333334,5.174193548387097,85.24838709677418,1.7751612903225806,76.80000000000001,397.0,0.1723,405.0,25.150585758697737,68.40310000000001,4.333445926223621,6.0,700.0,13.46118869981329,france
229,paris,2.0,48.857000000000006,2.341,285.2261111111111,7.903571428571429,74.48928571428571,0.8293928571428572,68.06071428571428,354.0,0.1723,405.0,36.58916304081614,60.994200000000006,6.304312791932621,10.0,700.0,9.252924983033866,france
230,paris,3.0,48.857,2.341,369.49361111111114,10.135483870967741,62.92580645161291,0.4731290322580645,55.832258064516125,362.0,0.1723,405.0,65.78206518540084,62.372600000000006,11.334249831444565,18.0,700.0,5.146642627507592,france
231,paris,4.0,48.857,2.341,411.77,11.863333333333333,62.5,1.7551,70.03666666666666,334.0,0.1723,405.0,49.09190286552261,57.5482,8.458534863729547,15.0,700.0,6.896387409061636,france
232,paris,5.0,48.857,2.341,473.94944444444445,17.17096774193548,61.54516129032258,0.4555161290322581,66.2258064516129,345.0,0.1723,405.0,64.5340956967301,59.4435,11.119224688546598,19.0,700.0,5.246169132045673,france
233,paris,6.0,48.857,2.341,483.1491666666667,19.990000000000002,62.35333333333333,2.357966666666667,62.84,367.0,0.1723,405.0,70.99843537680078,63.234100000000005,12.233030415422776,19.0,700.0,4.768510446911802,france
234,paris,7.0,48.857,2.341,486.66527777777776,22.612903225806452,53.596774193548384,0.2395483870967742,46.26774193548387,392.0,0.1723,405.0,105.65228233811054,67.5416,18.203888246856447,27.0,700.0,3.204443607997136,france
235,paris,8.0,48.857,2.341,443.90055555555557,22.77741935483871,56.809677419354834,1.984483870967742,54.7,385.0,0.1723,405.0,79.8240474854095,66.33550000000001,13.753683381736057,21.0,700.0,4.241288076385121,france
236,paris,9.0,48.857,2.341,377.5566666666667,16.763333333333332,70.94666666666667,1.2452666666666665,72.86999999999999,352.0,0.1723,405.0,40.96801112607821,60.64960000000001,7.058788317023276,12.0,700.0,8.263930112857212,france
237,paris,10.0,48.857,2.341,334.53277777777777,15.600000000000001,80.4,1.5118709677419355,74.1774193548387,360.0,0.1723,405.0,34.45698149172099,62.028000000000006,5.936937911023526,10.0,700.0,9.825491559381438,france
238,paris,11.0,48.857,2.341,275.62833333333333,9.753333333333334,85.71000000000001,1.3435000000000001,79.70333333333333,402.0,0.1723,405.0,22.35266480858501,69.2646,3.8513641465191975,6.0,700.0,15.146148511055253,france
239,paris,12.0,48.857,2.341,258.20000000000005,5.335483870967742,84.66451612903225,1.3130322580645162,88.83870967741936,423.0,0.1723,405.0,11.51822269901519,72.8829,1.9845897710403173,3.0,700.0,29.393144207709554,france
240,podgorica,1.0,42.435,19.264,293.9522222222222,5.961290322580646,56.57096774193548,1.9789032258064518,39.512903225806454,269.0,0.079,405.0,70.5852680848538,21.251,5.57623617870345,26.0,700.0,10.461058582152203,montenegro
241,podgorica,2.0,42.435,19.264,296.0105555555555,8.060714285714285,64.21071428571429,5.796464285714285,47.550000000000004,253.0,0.079,405.0,59.23452594019696,19.987000000000002,4.6795275492755595,23.0,700.0,12.465645883923465,montenegro
242,podgorica,3.0,42.435,19.264,370.41777777777776,9.303225806451612,46.196774193548386,2.6004193548387096,33.78387096774193,274.0,0.079,405.0,96.75373088786075,21.646,7.6435447401409995,35.0,700.0,7.6317121592798145,montenegro
243,podgorica,4.0,42.43500000000001,19.264,401.61305555555555,14.2,60.40333333333333,3.5343666666666667,53.14333333333333,310.0,0.079,405.0,73.5202297601588,24.490000000000002,5.808098151052545,24.0,700.0,10.043448271059633,montenegro
244,podgorica,5.0,42.435,19.264,452.9375,21.274193548387096,57.170967741935485,1.078258064516129,41.33548387096774,352.0,0.079,405.0,106.4536483723704,27.808,8.409838221417262,30.0,700.0,6.93632050908855,montenegro
245,podgorica,6.0,42.43500000000001,19.264,457.0808333333333,26.986666666666668,49.84666666666667,1.1369666666666667,30.59,381.0,0.079,405.0,127.02933060924606,30.099,10.03531711813044,33.0,700.0,5.812804184129333,montenegro
246,podgorica,7.0,42.435,19.264,462.78694444444443,29.39032258064516,35.86129032258064,0.22274193548387095,18.98709677419355,392.0,0.079,405.0,151.50322690939197,30.968,11.968754925841965,39.0,700.0,4.873801301368844,montenegro
247,podgorica,8.0,42.435,19.264,429.63666666666666,28.19677419354839,45.63548387096775,0.6548709677419354,35.829032258064515,365.0,0.079,405.0,110.92808832161073,28.835,8.763318977407248,30.0,700.0,6.656534297533018,montenegro
248,podgorica,9.0,42.43500000000001,19.264,374.5469444444444,21.283333333333335,60.57,8.4242,45.35333333333333,320.0,0.079,405.0,75.91116892695219,25.28,5.996982345229223,24.0,700.0,9.727114401085277,montenegro
249,podgorica,10.0,42.435,19.264,342.7080555555556,17.183870967741935,66.69677419354838,0.7374516129032258,29.648387096774194,287.0,0.079,405.0,96.92567083622153,22.673000000000002,7.657127996061501,34.0,700.0,7.618173989430176,montenegro
250,podgorica,11.0,42.43500000000001,19.264,293.77777777777777,12.986666666666668,75.75666666666666,12.593966666666667,58.34666666666667,264.0,0.079,405.0,43.317674931872,20.856,3.422096319617888,16.0,700.0,17.04608166606101,montenegro
251,podgorica,12.0,42.435,19.264,283.0191666666667,9.890322580645162,89.83225806451614,9.669322580645161,64.73548387096774,258.0,0.079,405.0,36.512709969676926,20.382,2.884504087604477,14.0,700.0,20.223002485594673,montenegro
252,prague,1.0,50.079,14.433,267.65611111111116,2.341935483870968,77.45806451612903,0.6050645161290322,81.53548387096774,332.0,0.3605,405.0,19.894561638700587,119.68599999999999,7.171989470751561,6.0,700.0,8.133494000684934,czech republic
253,prague,2.0,50.079,14.433000000000002,282.78083333333336,4.7,66.49285714285715,0.43210714285714286,70.07142857142857,297.0,0.3605,405.0,34.12795746173272,107.0685,12.303128664954645,11.0,700.0,4.741341403629739,czech republic
254,prague,3.0,50.079,14.433,369.21805555555557,5.083870967741936,54.167741935483875,0.6565161290322581,39.94516129032258,301.0,0.3605,405.0,89.21242509294026,108.5105,32.16107924600497,30.0,700.0,1.813786561300783,czech republic
255,prague,4.0,50.079,14.433,413.9475,8.09,62.86666666666667,1.3034666666666666,73.63333333333334,280.0,0.3605,405.0,43.627207414291185,100.94,15.727608272851972,16.0,700.0,3.7089767446729165,czech republic
256,prague,5.0,50.079,14.433,478.62444444444446,16.358064516129033,57.903225806451616,0.7867741935483871,65.57096774193549,292.0,0.3605,405.0,66.21315536413354,105.26599999999999,23.86984250877014,23.0,700.0,2.4438088903142443,czech republic
257,prague,6.0,50.079,14.433,489.09361111111116,20.613333333333333,60.13666666666666,5.0616666666666665,58.18,313.0,0.3605,405.0,78.64527670482038,112.8365,28.351622252087743,25.0,700.0,2.0574954341118104,czech republic
258,prague,7.0,50.079,14.433,492.1197222222222,20.480645161290322,57.71935483870968,2.2557096774193552,56.58064516129032,338.0,0.3605,405.0,84.58640300766021,121.84899999999999,30.493398284261506,25.0,700.0,1.9129823704641273,czech republic
259,prague,8.0,50.079,14.433,447.1461111111111,21.1,65.5741935483871,3.3325483870967743,61.42258064516129,331.0,0.3605,405.0,67.53329238126669,119.32549999999999,24.34575190344664,20.0,700.0,2.3960374509967406,czech republic
260,prague,9.0,50.079,14.433,378.3022222222222,14.026666666666667,76.00333333333333,2.2667333333333333,73.66000000000001,304.0,0.3605,405.0,39.44137994294253,109.592,14.218617469430782,13.0,700.0,4.102602342228186,czech republic
261,prague,10.0,50.079,14.433,332.81916666666666,12.006451612903225,83.32903225806452,0.6228387096774194,71.47741935483872,314.0,0.3605,405.0,38.20663203643814,113.197,13.773490849135948,12.0,700.0,4.235188738444819,czech republic
262,prague,11.0,50.079,14.433,271.64000000000004,5.176666666666667,89.55666666666666,1.2964,82.83,345.0,0.3605,405.0,18.64455546395304,124.3725,6.7213622447550705,5.0,700.0,8.67879623343512,czech republic
263,prague,12.0,50.079,14.433,252.60583333333335,1.8709677419354838,83.94516129032259,1.2873870967741936,87.67096774193548,355.0,0.3605,405.0,12.450879647899985,127.97749999999999,4.488542113067944,4.0,700.0,12.996053476584665,czech republic
264,reykjavik,1.0,64.146,-21.94,172.90027777777777,1.1096774193548387,75.73548387096774,3.447354838709677,82.30000000000001,1277.0,0.1205,405.0,11.967078966986753,153.8785,1.4420330155219037,1.0,700.0,40.452148255580134,iceland
265,reykjavik,2.0,64.146,-21.94,240.4702777777778,-1.292857142857143,75.64999999999999,2.71225,77.45357142857142,1126.0,0.1205,405.0,21.362513280541673,135.683,2.5741828503052715,2.0,700.0,22.660912889857688,iceland
266,reykjavik,3.0,64.146,-21.94,366.12666666666667,2.2451612903225806,79.88709677419355,3.5783870967741933,85.40967741935484,1068.0,0.1205,405.0,20.860545967986404,128.694,2.5136957891423615,2.0,700.0,23.206202431216173,iceland
267,reykjavik,4.0,64.146,-21.94,454.40055555555557,5.3133333333333335,71.94333333333334,1.8052666666666668,79.29666666666667,976.0,0.1205,405.0,37.412983850419245,117.60799999999999,4.508264553975519,4.0,700.0,12.939199249496859,iceland
268,reykjavik,5.0,64.146,-21.94,573.1986111111112,7.925806451612903,70.86451612903227,0.9339354838709677,72.33548387096775,962.0,0.1205,405.0,63.622120775411595,115.92099999999999,7.666465553437097,7.0,700.0,7.608895249934414,iceland
269,reykjavik,6.0,64.146,-21.94,625.6963888888889,9.883333333333333,73.07333333333332,2.0526666666666666,80.99666666666667,982.0,0.1205,405.0,47.167306299471164,118.331,5.683660409086275,5.0,700.0,10.26333896375614,iceland
270,reykjavik,7.0,64.146,-21.94,606.5725,10.851612903225806,80.09354838709677,2.1431612903225807,86.16129032258064,1069.0,0.1205,405.0,33.267833570097565,128.8145,4.008773945196756,3.0,700.0,14.551415003888492,iceland
271,reykjavik,8.0,64.146,-21.94,505.6388888888889,10.483870967741936,74.73870967741935,2.024516129032258,74.68387096774192,1164.0,0.1205,405.0,50.79374204452447,140.262,6.1206459163651985,4.0,700.0,9.5305845380409,iceland
272,reykjavik,9.0,64.146,-21.94,390.1533333333333,9.483333333333333,78.45333333333333,2.6227,75.28666666666666,1195.0,0.1205,405.0,38.025891135585546,143.9975,4.582119881838058,3.0,700.0,12.730643203934173,iceland
273,reykjavik,10.0,64.146,-21.94,301.5208333333333,5.051612903225807,77.16774193548386,2.3790645161290325,75.01290322580645,1254.0,0.1205,405.0,29.78729811214013,151.107,3.5893694225128856,2.0,700.0,16.25169395143916,iceland
274,reykjavik,11.0,64.146,-21.94,194.86138888888888,5.29,72.86999999999999,1.9516,71.13000000000001,1303.0,0.1205,405.0,22.339225487467214,157.01149999999998,2.691876671239799,2.0,700.0,21.670135915426883,iceland
275,reykjavik,12.0,64.146,-21.94,135.3727777777778,-3.883870967741936,73.28064516129032,1.0833225806451612,50.03548387096774,1324.0,0.1205,405.0,27.09677279182951,159.542,3.2651611214154554,2.0,700.0,17.86537667337093,iceland
276,rome,1.0,41.903,12.496,295.5213888888889,7.529032258064516,72.14516129032258,0.5214193548387097,23.664516129032258,423.0,0.3192,405.0,90.88662684703745,135.0216,29.011011289574352,21.0,700.0,2.0107307791195996,italy
277,rome,2.0,41.903,12.496,296.8275,9.814285714285715,67.10714285714286,0.5159642857142857,26.139285714285712,396.0,0.3192,405.0,88.33362547073295,126.4032,28.196093250257956,22.0,700.0,2.068844531601897,italy
278,rome,3.0,41.903,12.496,370.52166666666665,9.63225806451613,57.380645161290325,0.8053548387096775,17.506451612903227,412.0,0.3192,405.0,122.79391473694727,131.5104,39.19581758403357,30.0,700.0,1.4882540262942605,italy
279,rome,4.0,41.903,12.496,400.9038888888889,13.386666666666667,62.70333333333333,1.0806333333333333,40.0,415.0,0.3192,405.0,96.36689584291501,132.468,30.760313153058473,23.0,700.0,1.8963829478287773,italy
280,rome,5.0,41.903,12.496,451.4502777777778,20.216129032258067,59.167741935483875,0.5195161290322581,29.825806451612905,422.0,0.3192,405.0,127.63808131631635,134.70239999999998,40.742075556168174,30.0,700.0,1.4317712717633482,italy
281,rome,6.0,41.903,12.496,455.23,25.64333333333333,52.1,0.13219999999999998,22.6,449.0,0.3192,405.0,142.5122974466118,143.3208,45.489925344958486,32.0,700.0,1.2823352179846619,italy
282,rome,7.0,41.903,12.496,461.06138888888887,27.316129032258065,56.18709677419355,0.5629032258064516,16.07741935483871,464.0,0.3192,405.0,155.82640213409093,148.1088,49.73978756120182,34.0,700.0,1.1727700537835564,italy
283,rome,8.0,41.903,12.496,428.57388888888886,26.40967741935484,60.76129032258064,0.6436129032258066,28.758064516129032,453.0,0.3192,405.0,122.86048677961803,144.5976,39.217067380054075,27.0,700.0,1.4874476147852365,italy
284,rome,9.0,41.903,12.496,374.2963888888889,22.146666666666665,65.56,2.6092999999999997,38.486666666666665,432.0,0.3192,405.0,90.81496278383372,137.8944,28.988136120599723,21.0,700.0,2.0123174905295187,italy
285,rome,10.0,41.903,12.496,343.2761111111111,18.693548387096776,74.30967741935484,0.5104193548387097,24.98709677419355,416.0,0.3192,405.0,103.75575126389982,132.78719999999998,33.11883580343682,25.0,700.0,1.761334054117927,italy
286,rome,11.0,41.903,12.496,295.0708333333333,13.413333333333332,75.73,3.890733333333333,45.56666666666667,396.0,0.3192,405.0,62.51892473245463,126.4032,19.956040774599515,16.0,700.0,2.923091508591287,italy
287,rome,12.0,41.903,12.496,284.7969444444444,11.787096774193548,84.07096774193548,4.4195806451612905,48.86451612903225,396.0,0.3192,405.0,56.37436333114623,126.4032,17.994696775301875,14.0,700.0,3.2416958208152273,italy
288,sarajevo,1.0,43.859,18.436,289.6538888888889,-0.7483870967741936,78.4,1.8666451612903225,63.770967741935486,315.0,0.071,405.0,41.706886146592325,22.365,2.9611889164080547,13.0,700.0,19.699294769781904,bosnia and herzegovina
289,sarajevo,2.0,43.859,18.436,293.81694444444446,3.9464285714285716,70.81071428571428,4.599142857142857,66.71785714285714,284.0,0.071,405.0,37.782911261631554,20.163999999999998,2.68258669957584,13.0,700.0,21.74518100106765,bosnia and herzegovina
290,sarajevo,3.0,43.859,18.436,370.2088888888889,4.274193548387097,55.00322580645161,0.44770967741935475,44.41290322580645,306.0,0.071,405.0,82.97115074272104,21.726,5.890951702733193,27.0,700.0,9.902191747093893,bosnia and herzegovina
291,sarajevo,4.0,43.859,18.436,403.64472222222224,9.610000000000001,62.980000000000004,1.8840333333333334,59.97666666666667,347.0,0.071,405.0,64.19589299192965,24.636999999999997,4.557908402427005,19.0,700.0,12.798268017468686,bosnia and herzegovina
292,sarajevo,5.0,43.859,18.436,457.1202777777778,16.796774193548387,64.88709677419355,1.3182903225806453,54.148387096774194,394.0,0.071,405.0,83.76773882884939,27.973999999999997,5.947509456848306,21.0,700.0,9.808026999631748,bosnia and herzegovina
293,sarajevo,6.0,43.859,18.436,462.23777777777775,22.276666666666664,60.166666666666664,0.5755333333333332,43.373333333333335,421.0,0.071,405.0,105.39857214732343,29.891,7.483298622459963,25.0,700.0,7.795136379865272,bosnia and herzegovina
294,sarajevo,7.0,43.859,18.436,467.5413888888889,22.4,56.34193548387096,1.4008709677419355,36.983870967741936,436.0,0.071,405.0,117.65215494452423,30.955999999999996,8.353303001061219,27.0,700.0,6.983265580803493,bosnia and herzegovina
295,sarajevo,8.0,43.859,18.436,432.51444444444445,20.816129032258065,69.88387096774194,3.174387096774194,55.2,406.0,0.071,405.0,75.98430716798555,28.825999999999997,5.394885808926974,19.0,700.0,10.812709554817372,bosnia and herzegovina
296,sarajevo,9.0,43.859,18.436,375.1644444444444,15.363333333333333,75.77666666666667,2.7240333333333333,64.89666666666668,361.0,0.071,405.0,51.88366047458775,25.630999999999997,3.68373989369573,14.0,700.0,15.835356191451979,bosnia and herzegovina
297,sarajevo,10.0,43.859,18.436,341.0627777777778,13.183870967741935,70.95806451612903,0.3067741935483871,43.76774193548387,334.0,0.071,405.0,77.4355737030449,23.714,5.497925732916187,23.0,700.0,10.61006207924755,bosnia and herzegovina
298,sarajevo,11.0,43.859,18.436,290.1430555555556,7.286666666666666,83.46000000000001,3.0067000000000004,72.00333333333333,306.0,0.071,405.0,31.9091522152144,21.726,2.2655498072802223,10.0,700.0,25.7479809739262,bosnia and herzegovina
299,sarajevo,12.0,43.859,18.436,278.0761111111111,5.15483870967742,86.45483870967742,5.050193548387097,79.70967741935483,296.0,0.071,405.0,21.69710245887594,21.016,1.5404942745801915,7.0,700.0,37.86663429776788,bosnia and herzegovina
300,skopje,1.0,41.995,21.43,295.2344444444444,0.8,74.9,0.6232580645161291,53.95483870967742,269.0,0.98,405.0,54.713034273253044,263.62,53.618773587787985,20.0,700.0,1.0879274073254657,north macedonia
301,skopje,2.0,41.995,21.43,296.6616666666667,4.835714285714286,70.05,0.61325,59.9,248.0,0.98,405.0,47.883878184868315,243.04,46.92620062117095,19.0,700.0,1.243086645864443,north macedonia
302,skopje,3.0,41.995,21.43,370.47277777777776,5.361290322580645,56.28387096774193,0.9002258064516129,51.78709677419355,272.0,0.98,405.0,71.68813363313774,266.56,70.25437096047499,26.0,700.0,0.8303160719516169,north macedonia
303,skopje,4.0,41.995,21.43,400.9963888888889,12.01,62.13666666666666,0.8317,55.61666666666667,309.0,0.98,405.0,71.48061317382418,302.82,70.0510009103477,23.0,700.0,0.8327266216793846,north macedonia
304,skopje,5.0,41.995,21.43,451.68333333333334,18.53548387096774,62.12903225806452,1.098516129032258,44.829032258064515,351.0,0.98,405.0,99.81653699764419,343.98,97.82020625769131,28.0,700.0,0.5963321440936622,north macedonia
305,skopje,6.0,41.995,21.43,455.5425,23.09333333333333,62.57333333333334,1.6408666666666667,39.61333333333334,380.0,0.98,405.0,109.58211410417017,372.4,107.39047182208677,29.0,700.0,0.5431890962354078,north macedonia
306,skopje,7.0,41.995,21.43,461.37166666666667,24.516129032258064,53.73225806451613,2.3532580645161287,27.76451612903226,391.0,0.98,405.0,131.79965919181654,383.18,129.16366600798023,34.0,700.0,0.4516233948464212,north macedonia
307,skopje,8.0,41.995,21.43,428.7825,23.848387096774193,60.95483870967742,1.4385806451612901,40.561290322580646,364.0,0.98,405.0,101.73453334159048,356.71999999999997,99.69984267475867,28.0,700.0,0.5850895223940185,north macedonia
308,skopje,9.0,41.995,21.43,374.3697222222222,17.683333333333334,70.87666666666668,1.1844999999999999,46.60666666666667,320.0,0.98,405.0,79.99592185932559,313.6,78.39600342213907,25.0,700.0,0.7440855501169588,north macedonia
309,skopje,10.0,41.995,21.43,343.2088888888889,13.441935483870967,75.00967741935484,1.118516129032258,37.49677419354839,289.0,0.98,405.0,85.90747561458241,283.21999999999997,84.18932610229076,30.0,700.0,0.6928827683269234,north macedonia
310,skopje,11.0,41.995,21.43,294.8722222222222,9.35,83.02666666666667,1.326466666666667,64.65,268.0,0.98,405.0,41.65613613016274,262.64,40.823013407559486,16.0,700.0,1.428932566808783,north macedonia
311,skopje,12.0,41.995,21.43,284.49583333333334,5.474193548387097,88.24838709677418,1.0190645161290321,73.28387096774195,261.0,0.98,405.0,30.468846987638614,255.78,29.85947004788584,12.0,700.0,1.9535957349471964,north macedonia
312,sofia,1.0,42.696999999999996,23.324,293.17083333333335,-0.2451612903225807,78.14193548387097,0.7059354838709677,55.12903225806452,247.0,0.093,405.0,52.901076460606994,22.971,4.919800110836451,21.0,700.0,11.856850282361505,bulgaria
313,sofia,2.0,42.697,23.324,295.6011111111111,2.7464285714285714,74.25714285714285,1.74775,59.28214285714286,241.0,0.093,405.0,47.894815467079106,22.413,4.454217838438357,20.0,700.0,13.09620127465183,bulgaria
314,sofia,3.0,42.696999999999996,23.324,370.36277777777775,2.603225806451613,63.516129032258064,0.4156451612903226,53.70322580645161,276.0,0.093,405.0,69.1550981290944,25.668,6.431424126005779,25.0,700.0,9.07004921312212,bulgaria
315,sofia,4.0,42.697,23.324,401.9627777777778,10.03,64.77,2.0936,51.66,314.0,0.093,405.0,77.04750682762668,29.201999999999998,7.165418134969281,25.0,700.0,8.140953149495918,bulgaria
316,sofia,5.0,42.696999999999996,23.324,453.6761111111111,16.1,63.987096774193546,1.4931935483870968,42.32258064516129,364.0,0.093,405.0,104.39338861611654,33.852,9.708585141298839,29.0,700.0,6.00842784858447,bulgaria
317,sofia,6.0,42.697,23.324,458.00388888888887,19.753333333333334,71.74,4.7197000000000005,40.57,402.0,0.093,405.0,105.03475698476706,37.386,9.768232399583336,26.0,700.0,5.971738892680475,bulgaria
318,sofia,7.0,42.696999999999996,23.324,463.64972222222224,21.925806451612903,58.20645161290323,2.2113548387096773,27.75483870967742,425.0,0.093,405.0,132.6606806577312,39.525,12.337443301169001,31.0,700.0,4.728154116647986,bulgaria
319,sofia,8.0,42.696999999999996,23.324,430.17111111111114,21.483870967741936,66.31290322580645,1.479,37.648387096774194,412.0,0.093,405.0,107.02192737977217,38.316,9.953039246318811,26.0,700.0,5.8608563565052,bulgaria
320,sofia,9.0,42.697,23.324,374.67277777777775,15.833333333333334,71.38666666666667,1.9308666666666665,48.29,349.0,0.093,405.0,76.95095933076594,32.457,7.156439217761233,22.0,700.0,8.15116729959203,bulgaria
321,sofia,10.0,42.696999999999996,23.324,342.4277777777778,11.82258064516129,70.96129032258065,0.3173870967741936,30.851612903225806,313.0,0.093,405.0,95.59286511246272,29.108999999999998,8.890136455459032,31.0,700.0,6.5615790742462075,bulgaria
322,sofia,11.0,42.697,23.324,293.1358333333333,7.786666666666666,82.00333333333333,1.1333666666666666,62.43333333333333,276.0,0.093,405.0,44.093679447341216,25.668,4.100712188602733,16.0,700.0,14.225171299624833,bulgaria
323,sofia,12.0,42.696999999999996,23.324,282.1336111111111,3.6258064516129034,85.40967741935484,1.0819032258064516,63.190322580645166,247.0,0.093,405.0,41.605200002636025,22.971,3.8692836002451503,17.0,700.0,15.076003560358679,bulgaria
324,stockholm,1.0,59.333,18.067,217.67138888888888,0.4258064516129032,81.11935483870967,1.238064516129032,58.516129032258064,463.0,0.248,405.0,36.11812849661285,114.824,8.957295867159987,8.0,700.0,6.512382107104449,sweden
325,stockholm,2.0,59.333000000000006,18.067,259.07694444444445,0.7928571428571428,79.02499999999999,1.6365,54.903571428571425,429.0,0.248,405.0,46.543593641308256,106.392,11.542811223044447,11.0,700.0,5.053650467476653,sweden
326,stockholm,3.0,59.333,18.067,367.2088888888889,3.6193548387096777,59.9483870967742,0.019064516129032257,18.46451612903226,423.0,0.248,405.0,121.23612798255698,104.904,30.06655973967413,29.0,700.0,1.9401399374721269,sweden
327,stockholm,4.0,59.333,18.067,436.1763888888889,5.33,60.29333333333333,0.9464666666666667,46.09666666666667,421.0,0.248,405.0,94.31977804420887,104.408,23.3913049549638,22.0,700.0,2.4938041484066322,sweden
328,stockholm,5.0,59.333,18.067,527.8680555555557,11.23225806451613,60.50645161290322,1.2590322580645161,52.148387096774194,463.0,0.248,405.0,101.01232431877817,114.824,25.051056431056985,22.0,700.0,2.328577778500979,sweden
329,stockholm,6.0,59.333,18.067,554.2875,17.863333333333333,65.54,1.7021333333333333,48.526666666666664,494.0,0.248,405.0,113.58382609345591,122.512,28.168788871177068,23.0,700.0,2.0708498899298187,sweden
330,stockholm,7.0,59.333,18.067,549.9847222222222,18.258064516129032,64.6741935483871,1.8103225806451613,53.23870967741936,537.0,0.248,405.0,102.27228720236502,133.176,25.363527226186527,19.0,700.0,2.299890421908952,sweden
331,stockholm,8.0,59.333,18.067,479.3577777777778,19.5258064516129,68.36774193548388,1.6044193548387098,44.438709677419354,526.0,0.248,405.0,106.13600032614663,130.448,26.321728080884363,20.0,700.0,2.216166550846514,sweden
332,stockholm,9.0,59.333,18.067,385.13916666666665,11.403333333333334,78.31666666666666,1.7851333333333335,62.55,474.0,0.248,405.0,57.372234257982264,117.55199999999999,14.228314095979602,12.0,700.0,4.099806409939754,sweden
333,stockholm,10.0,59.333,18.067,315.47222222222223,9.625806451612902,82.90322580645162,1.2790645161290322,59.86129032258064,446.0,0.248,405.0,50.6277722350324,110.608,12.555687514288035,11.0,700.0,4.645968870040097,sweden
334,stockholm,11.0,59.333,18.067,230.54166666666669,5.166666666666667,88.50333333333333,2.515633333333333,80.58666666666666,446.0,0.248,405.0,17.670121585116007,110.608,4.38219015310877,4.0,700.0,13.311456439641505,sweden
335,stockholm,12.0,59.333,18.067,193.1302777777778,-1.8709677419354838,88.90645161290323,1.0478064516129033,77.34193548387097,446.0,0.248,405.0,17.536932218362626,110.608,4.349159190153931,4.0,700.0,13.41255419332414,sweden
336,tallinn,1.0,59.436,24.753,216.87305555555557,-1.7129032258064516,88.95161290322581,2.0218064516129033,79.82903225806452,465.0,0.2085,405.0,17.35868348531761,96.9525,3.6192855066887213,4.0,700.0,16.117361624422497,estonia
337,tallinn,2.0,59.436,24.753000000000004,258.6902777777778,-0.44642857142857145,88.83214285714287,1.6436428571428572,79.16428571428571,429.0,0.2085,405.0,21.47068790198269,89.4465,4.47663842756339,5.0,700.0,13.030610865100366,estonia
338,tallinn,3.0,59.436,24.753,367.12888888888887,0.7806451612903226,72.23548387096774,0.10974193548387097,34.99032258064516,440.0,0.2085,405.0,96.5549913557989,91.74,20.131715697684072,22.0,700.0,2.8975838030557886,estonia
339,tallinn,4.0,59.436,24.753,436.4511111111111,3.646666666666667,70.38666666666667,1.1250333333333333,42.690000000000005,474.0,0.2085,405.0,100.16301418951971,98.829,20.88398845851486,21.0,700.0,2.793208464427663,estonia
340,tallinn,5.0,59.436,24.753,528.5844444444444,9.72258064516129,65.29677419354839,1.2690645161290324,42.37419354838709,518.0,0.2085,405.0,121.79786334998168,108.003,25.39485450847118,24.0,700.0,2.2970532598985587,estonia
341,tallinn,6.0,59.436,24.753,555.3475,17.056666666666665,69.92666666666668,0.7799,34.440000000000005,563.0,0.2085,405.0,146.30475785121848,117.3855,30.50454201197905,26.0,700.0,1.9122835317581883,estonia
342,tallinn,7.0,59.436,24.753,550.9322222222223,18.177419354838708,74.20645161290322,1.9897419354838708,46.78709677419355,585.0,0.2085,405.0,116.37017397813744,121.9725,24.263181274441656,20.0,700.0,2.404191464982396,estonia
343,tallinn,8.0,59.436,24.753,479.8813888888889,19.79032258064516,72.1258064516129,0.30793548387096775,37.23870967741936,574.0,0.2085,405.0,121.6021865053612,119.67899999999999,25.35405588636781,21.0,700.0,2.300749576114076,estonia
344,tallinn,9.0,59.436,24.753,385.2863888888889,10.233333333333333,76.94333333333334,1.7116000000000002,52.309999999999995,518.0,0.2085,405.0,73.14224359094636,108.003,15.250157788712317,14.0,700.0,3.825097034504772,estonia
345,tallinn,10.0,59.436,24.753,315.27416666666664,8.729032258064517,85.20645161290322,1.1327096774193548,69.27741935483871,474.0,0.2085,405.0,38.7841014411773,98.829,8.086485150485467,8.0,700.0,7.213682118717713,estonia
346,tallinn,11.0,59.436,24.753,229.965,2.5566666666666666,90.08,1.5536999999999999,87.34333333333333,440.0,0.2085,405.0,11.604742456314806,91.74,2.419588802141637,3.0,700.0,24.108779674340152,estonia
347,tallinn,12.0,59.436,24.753,192.20277777777778,-3.1806451612903226,92.5516129032258,1.8968064516129033,87.19354838709677,429.0,0.2085,405.0,9.779724964102648,89.4465,2.039072655015402,2.0,700.0,28.60777578957466,estonia
348,tirana,1.0,41.321999999999996,19.825,297.1636111111111,6.109677419354839,64.77741935483871,1.1700967741935484,45.89354838709678,282.0,0.081,405.0,64.35585636081919,22.842000000000002,5.212824365226354,23.0,700.0,11.19035080530674,albania
349,tirana,2.0,41.322,19.825,297.6533333333333,8.689285714285715,66.86785714285715,3.014714285714286,51.63214285714286,272.0,0.081,405.0,56.54946106827661,22.032,4.580506346530405,21.0,700.0,12.735127717379775,albania
350,tirana,3.0,41.321999999999996,19.825,370.57444444444445,8.790322580645162,57.10322580645161,0.8471612903225807,46.92258064516129,305.0,0.081,405.0,78.98514885649894,24.705000000000002,6.3977970573764145,26.0,700.0,9.117721742373375,albania
351,tirana,4.0,41.322,19.825,400.09250000000003,14.443333333333333,64.45666666666666,3.1369666666666665,56.330000000000005,347.0,0.081,405.0,68.54198705376376,28.107,5.551900951354865,20.0,700.0,10.506911748686347,albania
352,tirana,5.0,41.321999999999996,19.825,449.81888888888886,20.193548387096776,65.14838709677419,0.5645483870967741,43.29032258064516,402.0,0.081,405.0,102.72854550116539,32.562,8.321012185594396,26.0,700.0,7.010365089276263,albania
353,tirana,6.0,41.322,19.825,453.24583333333334,25.779999999999998,60.97,2.3901666666666666,38.28,438.0,0.081,405.0,110.58808360165087,35.478,8.957634771733721,25.0,700.0,6.5121357166076,albania
354,tirana,7.0,41.321999999999996,19.825,459.24805555555554,26.990322580645163,55.39354838709678,0.19364516129032258,21.30322580645161,454.0,0.081,405.0,146.0889860073901,36.774,11.833207866598599,32.0,700.0,4.929629732778537,albania
355,tirana,8.0,41.321999999999996,19.825,427.4861111111111,26.116129032258065,62.52258064516129,2.5241612903225805,44.877419354838715,440.0,0.081,405.0,93.02583021506221,35.64,7.53509224742004,21.0,700.0,7.741555301238182,albania
356,tirana,9.0,41.322,19.825,374.08500000000004,21.470000000000002,66.09333333333333,4.739766666666667,49.166666666666664,387.0,0.081,405.0,73.36442995570687,31.347,5.942518826412257,19.0,700.0,9.816263950913147,albania
357,tirana,10.0,41.321999999999996,19.825,343.94194444444446,17.15806451612903,73.35483870967742,3.3206129032258067,34.67741935483871,343.0,0.081,405.0,87.97056628507346,27.783,7.12561586909095,26.0,700.0,8.186426886462966,albania
358,tirana,11.0,41.322,19.825,296.49444444444447,13.843333333333334,76.84333333333333,6.8671999999999995,61.65333333333333,299.0,0.081,405.0,42.88464919080961,24.219,3.4736565844555787,14.0,700.0,16.79306284748233,albania
359,tirana,12.0,41.321999999999996,19.825,286.70472222222224,11.893548387096773,79.48387096774194,5.141580645161291,60.28064516129032,282.0,0.081,405.0,43.748980669667354,22.842000000000002,3.543667434243056,16.0,700.0,16.461288881018714,albania
360,valletta,1.0,35.894,14.512,311.2875,11.69032258064516,77.25483870967743,2.246806451612903,42.400000000000006,275.0,0.134,405.0,70.98558123375871,36.85,9.512067885323667,26.0,700.0,6.132560662580723,malta
361,valletta,2.0,35.894,14.512,304.96444444444444,12.553571428571429,75.92142857142858,0.1325,37.95357142857143,275.0,0.134,405.0,76.53237626816838,36.85,10.255338419934564,28.0,700.0,5.688094428940897,malta
362,valletta,3.0,35.894,14.512,371.3227777777778,12.461290322580645,73.9,0.7203225806451613,44.49032258064516,296.0,0.134,405.0,82.8773154043599,39.664,11.105560264184229,28.0,700.0,5.252624086103977,malta
363,valletta,4.0,35.894,14.512,393.42277777777775,15.796666666666665,72.75666666666666,0.07843333333333333,46.263333333333335,334.0,0.134,405.0,85.554819937573,44.756,11.464345871634782,26.0,700.0,5.08823913605593,malta
364,valletta,5.0,35.894,14.512,436.1933333333333,20.374193548387098,68.74516129032257,0.5452258064516129,29.893548387096775,358.0,0.134,405.0,123.17360963337589,47.972,16.50526369087237,34.0,700.0,3.5342260763511733,malta
365,valletta,6.0,35.894,14.512,436.5725,27.016666666666666,53.06333333333334,0.013333333333333334,10.463333333333333,385.0,0.134,405.0,158.29033976068948,51.59,21.21090552793239,41.0,700.0,2.7501576138045998,malta
366,valletta,7.0,35.894,14.512,443.79055555555556,28.451612903225808,65.18064516129031,0.009741935483870968,16.4,438.0,0.134,405.0,150.24396820351532,58.692,20.132691739271053,34.0,700.0,2.897443326942104,malta
367,valletta,8.0,35.894,14.512,418.00333333333333,28.02258064516129,71.18064516129031,0.21225806451612902,24.345161290322583,456.0,0.134,405.0,127.80524382307391,61.104000000000006,17.125902672291904,28.0,700.0,3.4061464933881216,malta
368,valletta,9.0,35.894,14.512,372.0336111111111,26.029999999999998,72.93,1.9833666666666667,30.87,418.0,0.134,405.0,102.0947803459891,56.012,13.680700566362539,24.0,700.0,4.263914194333043,malta
369,valletta,10.0,35.894,14.512,349.4013888888889,21.67096774193548,76.76774193548388,0.2907096774193548,29.15806451612903,377.0,0.134,405.0,99.95526928410227,50.518,13.394006084069705,27.0,700.0,4.355181934903902,malta
370,valletta,11.0,35.894,14.512,308.4472222222222,18.026666666666664,78.32,4.480833333333334,40.626666666666665,334.0,0.134,405.0,70.84640921747375,44.756,9.493418835141483,21.0,700.0,6.144607579874461,malta
371,valletta,12.0,35.894,14.512,302.8363888888889,16.335483870967742,85.21612903225805,0.17038709677419356,39.66451612903226,290.0,0.134,405.0,73.87462157220492,38.86,9.89919929067546,25.0,700.0,5.892732494867576,malta
372,vienna,1.0,48.203,16.368,274.9377777777778,4.190322580645161,66.02903225806452,0.7449354838709678,62.274193548387096,466.0,0.206,405.0,41.69468043920164,95.996,8.589104170475537,9.0,700.0,6.791550338142389,austria
373,vienna,2.0,48.20300000000001,16.368,286.3963888888889,7.017857142857143,57.107142857142854,0.5676428571428571,59.55357142857143,429.0,0.206,405.0,46.64772575983089,88.374,9.609431506525164,11.0,700.0,6.070425008360048,austria
374,vienna,3.0,48.203,16.368,369.53277777777777,7.483870967741935,44.487096774193546,0.3678709677419355,34.29677419354839,440.0,0.206,405.0,97.9702222203336,90.64,20.18186577738872,22.0,700.0,2.8903835738858503,austria
375,vienna,4.0,48.203,16.368,410.555,10.563333333333333,56.973333333333336,0.5871666666666666,62.15,488.0,0.206,405.0,62.565468982108314,100.52799999999999,12.888486610314311,13.0,700.0,4.5260033312717045,austria
376,vienna,5.0,48.203,16.368,471.48333333333335,18.69677419354839,55.854838709677416,1.2244838709677421,54.68709677419355,532.0,0.206,405.0,85.46583986397603,109.592,17.60596301197906,16.0,700.0,3.31327137820541,austria
377,vienna,6.0,48.203,16.368,480.1072222222222,22.63,57.6,3.9882666666666666,49.486666666666665,569.0,0.206,405.0,94.30258566143539,117.214,19.426332646255688,17.0,700.0,3.0027969970223247,austria
378,vienna,7.0,48.203,16.368,483.9327777777778,23.37741935483871,51.63870967741936,1.0823870967741935,48.63225806451613,611.0,0.206,405.0,99.58734733623204,125.866,20.5149935512638,16.0,700.0,2.843448777479132,austria
379,vienna,8.0,48.203,16.368,442.325,23.419354838709676,56.538709677419355,1.901516129032258,54.36129032258064,597.0,0.206,405.0,80.20328599274876,122.982,16.521876914506244,13.0,700.0,3.5306723101245563,austria
380,vienna,9.0,48.203,16.368,377.2733333333333,16.41,67.92666666666666,1.3330666666666666,65.94,536.0,0.206,405.0,51.34845799364111,110.416,10.577782346690068,10.0,700.0,5.514703500359565,austria
381,vienna,10.0,48.203,16.368,335.5177777777778,14.158064516129032,77.32903225806452,0.46683870967741936,63.53225806451613,488.0,0.206,405.0,49.322744090085216,100.52799999999999,10.160485282557554,10.0,700.0,5.7411955936271895,austria
382,vienna,11.0,48.203,16.368,277.74972222222226,7.866666666666666,82.36999999999999,0.6977333333333333,73.67333333333333,451.0,0.206,405.0,29.407878334268172,92.90599999999999,6.058022936859243,7.0,700.0,9.629104072619443,austria
383,vienna,12.0,48.203,16.368,261.07444444444445,3.261290322580645,81.8225806451613,0.806,79.73548387096774,429.0,0.206,405.0,21.254017190608458,88.374,4.378327541265342,5.0,700.0,13.323199962439292,austria
384,vilnius,1.0,54.691,25.27,246.3613888888889,-1.6419354838709677,88.4,2.0456451612903224,86.43548387096774,327.0,0.2,405.0,13.257319469940402,65.4,2.6514638939880806,4.0,700.0,22.000425299246245,lithuania
385,vilnius,2.0,54.690999999999995,25.27,272.3777777777778,0.1857142857142857,85.36428571428571,1.4529642857142857,79.17857142857143,299.0,0.2,405.0,22.635014874597317,59.800000000000004,4.527002974919464,8.0,700.0,12.885640600748907,lithuania
386,vilnius,3.0,54.691,25.27,368.25694444444446,1.403225806451613,59.09354838709677,0.016870967741935482,39.877419354838715,306.0,0.2,405.0,89.65413118222908,61.2,17.930826236445817,29.0,700.0,3.2532429105116325,lithuania
387,vilnius,4.0,54.691,25.27,423.5813888888889,5.413333333333333,65.66333333333334,0.46123333333333333,69.89,338.0,0.2,405.0,51.41559951108056,67.60000000000001,10.283119902216113,15.0,700.0,5.672727138070415,lithuania
388,vilnius,5.0,54.691,25.27,499.45750000000004,10.86774193548387,65.67096774193548,1.9821612903225807,65.13870967741936,383.0,0.2,405.0,69.11974734027089,76.60000000000001,13.82394946805418,18.0,700.0,4.219729930880901,lithuania
389,vilnius,6.0,54.691,25.27,515.9194444444445,17.823333333333334,73.23,1.8981,63.14666666666666,414.0,0.2,405.0,75.54245829797941,82.80000000000001,15.108491659595883,18.0,700.0,3.8609634004254807,lithuania
390,vilnius,7.0,54.691,25.27,516.3622222222223,17.783870967741933,74.68064516129031,0.4077741935483871,65.36774193548388,456.0,0.2,405.0,72.1299667492256,91.2,14.425993349845122,16.0,700.0,4.0436268005044935,lithuania
391,vilnius,8.0,54.691,25.27,461.1338888888889,20.751612903225805,67.71935483870968,0.9656129032258065,53.332258064516125,438.0,0.2,405.0,86.314720557825,87.60000000000001,17.262944111565,20.0,700.0,3.379106886771067,lithuania
392,vilnius,9.0,54.691,25.27,381.34583333333336,10.263333333333332,80.98333333333333,0.0027666666666666664,68.8,396.0,0.2,405.0,48.185526330220505,79.2,9.637105266044102,12.0,700.0,6.052993271627752,lithuania
393,vilnius,10.0,54.691,25.27,325.25,8.796774193548387,87.5741935483871,0.2404516129032258,74.33870967741936,360.0,0.2,405.0,33.721376413330255,72.0,6.7442752826660515,9.0,700.0,8.649310843414124,lithuania
394,vilnius,11.0,54.691,25.27,254.0277777777778,1.91,92.70666666666666,0.7231666666666666,93.36999999999999,327.0,0.2,405.0,6.77169948231564,65.4,1.3543398964631281,2.0,700.0,43.071413229183754,lithuania
395,vilnius,12.0,54.691,25.27,227.6663888888889,-3.429032258064516,93.5,1.5503225806451613,90.78064516129032,306.0,0.2,405.0,8.368907551421353,61.2,1.6737815102842708,3.0,700.0,34.851223397387244,lithuania
396,warsaw,1.0,52.236,21.01,258.36833333333334,1.0129032258064516,84.28709677419356,2.3958709677419354,73.84516129032258,405.0,0.126,405.0,26.712500511739808,51.03,3.365775064479216,7.0,700.0,17.33132256785532,poland
397,warsaw,2.0,52.236,21.01,278.1952777777778,3.342857142857143,76.59642857142856,1.1164642857142857,67.07857142857144,375.0,0.126,405.0,36.67815118076399,47.25,4.621447048776263,10.0,700.0,12.622309142064005,poland
398,warsaw,3.0,52.236,21.01,368.78055555555557,3.648387096774193,56.274193548387096,0.04051612903225806,35.777419354838706,383.0,0.126,405.0,95.88149461066767,48.258,12.081068320944127,25.0,700.0,4.82849130421726,poland
399,warsaw,4.0,52.236,21.01,418.1744444444445,7.276666666666667,65.65666666666667,3.525466666666667,67.38333333333334,405.0,0.126,405.0,53.2923379859791,51.03,6.714834586233367,13.0,700.0,8.687233108158358,poland
400,warsaw,5.0,52.236,21.01,487.6877777777778,14.13225806451613,57.94516129032258,0.9004516129032258,51.86774193548387,451.0,0.126,405.0,94.21169267585891,56.826,11.870673277158224,21.0,700.0,4.914071171142369,poland
401,warsaw,6.0,52.236,21.01,500.66166666666675,19.726666666666667,64.63666666666667,1.2556,45.82333333333334,486.0,0.126,405.0,108.4736165343931,61.236,13.667675683333531,22.0,700.0,4.267977576060386,poland
402,warsaw,7.0,52.236,21.01,502.6316666666667,19.483870967741936,66.47096774193548,3.000225806451613,51.34516129032258,529.0,0.126,405.0,96.0730614579704,66.654,12.10520574370427,18.0,700.0,4.818863435152401,poland
403,warsaw,8.0,52.236,21.01,453.2838888888889,22.006451612903227,66.21935483870968,0.8380967741935484,50.935483870967744,508.0,0.126,405.0,89.3177306668936,64.008,11.254034064028593,18.0,700.0,5.183326529976028,poland
404,warsaw,9.0,52.236,21.01,379.6477777777778,12.466666666666667,73.42333333333333,1.1687,59.53333333333333,446.0,0.126,405.0,61.49330361685591,56.196,7.748156255723845,14.0,700.0,7.528672810417366,poland
405,warsaw,10.0,52.236,21.01,329.4866666666667,11.187096774193549,83.43870967741935,0.9004193548387097,59.16451612903226,405.0,0.126,405.0,54.00107316388261,51.03,6.804135218649209,13.0,700.0,8.573217823985862,poland
406,warsaw,11.0,52.236,21.01,263.9425,4.206666666666667,87.98333333333333,0.4926333333333333,81.40666666666667,375.0,0.126,405.0,19.777747940885536,47.25,2.4919962405515776,5.0,700.0,23.408275014259996,poland
407,warsaw,12.0,52.236,21.01,241.785,0.5741935483870967,87.50322580645161,1.5051935483870968,83.23870967741935,364.0,0.126,405.0,16.166096140672256,45.864,2.0369281137247044,4.0,700.0,28.637894945966277,poland
408,zagreb,1.0,45.807,15.968,283.3855555555556,2.351612903225807,77.13548387096773,1.0119354838709678,47.26451612903226,366.0,0.117,405.0,59.91264611771619,42.822,7.009779595772795,16.0,700.0,8.321707200110955,croatia
409,zagreb,2.0,45.807,15.968,290.6436111111111,6.010714285714286,69.46428571428571,1.2765357142857143,53.528571428571425,338.0,0.117,405.0,54.00353809371041,39.546,6.318413956964118,16.0,700.0,9.23227470226744,croatia
410,zagreb,3.0,45.807,15.968,369.9222222222222,7.129032258064516,51.29354838709677,0.9384193548387098,34.95161290322581,351.0,0.117,405.0,96.5399857651688,41.067,11.29517833452475,28.0,700.0,5.164445536466843,croatia
411,zagreb,4.0,45.807,15.968,406.6047222222222,11.4,63.18333333333333,2.1703666666666668,55.55,383.0,0.117,405.0,71.60933364383283,44.811,8.37829203632844,19.0,700.0,6.962437341691939,croatia
412,zagreb,5.0,45.807,15.968,463.2388888888889,19.15806451612903,63.961290322580645,1.734225806451613,53.903225806451616,425.0,0.117,405.0,84.98315486504569,49.725,9.943029119210346,20.0,700.0,5.866756763352016,croatia
413,zagreb,6.0,45.807,15.968,469.81416666666667,23.646666666666665,63.61,1.8577666666666668,41.24666666666667,466.0,0.117,405.0,109.71590231289872,54.522000000000006,12.836760570609151,24.0,700.0,4.544240972048075,croatia
414,zagreb,7.0,45.807,15.968,474.50194444444446,24.316129032258065,56.94193548387097,1.6963548387096776,34.42580645161291,518.0,0.117,405.0,123.87840356365315,60.606,14.49377321694742,24.0,700.0,4.02471685324321,croatia
415,zagreb,8.0,45.807,15.968,436.69666666666666,23.758064516129032,61.81935483870968,0.6243225806451612,50.49677419354839,495.0,0.117,405.0,87.00585964376502,57.915000000000006,10.179685578320509,18.0,700.0,5.730366904216056,croatia
416,zagreb,9.0,45.807,15.968,376.0588888888889,16.96333333333333,76.30333333333333,7.8159,60.60333333333334,425.0,0.117,405.0,55.3128937570333,49.725,6.471608569572896,13.0,700.0,9.013730157845924,croatia
417,zagreb,10.0,45.807,15.968,338.67583333333334,14.44516129032258,81.90322580645162,0.725967741935484,57.12580645161291,389.0,0.117,405.0,58.38090965939532,45.513000000000005,6.830566430149253,15.0,700.0,8.540043337527237,croatia
418,zagreb,11.0,45.807,15.968,284.8461111111111,8.110000000000001,89.01,3.1344666666666665,75.03,357.0,0.117,405.0,27.903143600465594,41.769000000000005,3.2646678012544745,8.0,700.0,17.86807628969731,croatia
419,zagreb,12.0,45.807,15.968,270.8444444444445,4.567741935483871,90.3483870967742,3.4153548387096775,81.50322580645161,338.0,0.117,405.0,19.59652375857516,39.546,2.292793279753294,6.0,700.0,25.442037818433434,croatia
