,city,month,latitude,longitude,hours_of_sun,temp,humidity,precip,cloudcover,avg_mth_en_consumption_house_kwh,energy_price_eur_kwh,solar_panel_power_kwh,monthly_energy_produced_kwh,montlhy_energy_cost_eur,montlhy_solar_panel_cost_saved,money_saved,encoded_city,country
0,amsterdam,1,52.37,4.908,257.81194444444446,5.683870967741935,86.51612903225806,1.488483870967742,86.80000000000001,326,0.0595,405,13.78262654999999,19.397,0.8200662797249993,4.0,0,netherlands
1,amsterdam,2,52.37,4.908,277.9766666666667,6.867857142857143,79.45,3.6377142857142855,77.60357142857143,283,0.0595,405,25.21402246607143,16.8385,1.50023433673125,9.0,0,netherlands
2,amsterdam,3,52.37,4.908,368.84777777777776,7.6,68.62258064516129,0.6335161290322581,39.05483870967742,285,0.0595,405,91.0419235983871,16.9575,5.4169944541040325,32.0,0,netherlands
3,amsterdam,4,52.37,4.908,418.5422222222222,9.473333333333333,69.76666666666667,1.4294,71.04333333333334,267,0.0595,405,49.084329839999995,15.8865,2.9205176254799996,18.0,0,netherlands
4,amsterdam,5,52.37,4.908,488.3569444444445,13.764516129032257,73.1258064516129,1.2747741935483872,70.98387096774194,274,0.0595,405,57.38942386088709,16.303,3.414670719722782,21.0,0,netherlands
5,amsterdam,6,52.37,4.908,501.446388888889,16.846666666666668,72.56666666666666,2.4974,61.35666666666667,289,0.0595,405,78.47911781625,17.1955,4.669507510066874,27.0,0,netherlands
6,amsterdam,7,52.37,4.908,503.27722222222224,18.570967741935487,69.99354838709678,0.8619032258064516,71.27741935483871,310,0.0595,405,58.544453438709674,18.445,3.4833949796032253,19.0,0,netherlands
7,amsterdam,8,52.37,4.908,453.6025,20.1,71.39032258064516,1.2141935483870965,53.777419354838706,320,0.0595,405,84.91504645524195,19.04,5.052445264086896,27.0,0,netherlands
8,amsterdam,9,52.37,4.908,379.6438888888889,15.270000000000001,77.45333333333333,4.3938,74.99666666666667,299,0.0595,405,38.444068942499996,17.790499999999998,2.2874221020787497,13.0,0,netherlands
9,amsterdam,10,52.37,4.908,329.1738888888889,13.493548387096775,84.76129032258065,1.6409677419354838,78.87741935483871,308,0.0595,405,28.159658158064516,18.326,1.6754996604048387,9.0,0,netherlands
10,amsterdam,11,52.37,4.908,263.3627777777778,8.9,88.33666666666666,3.2854666666666663,80.8,329,0.0595,405,20.47908960000001,19.575499999999998,1.2185058312000006,6.0,0,netherlands
11,amsterdam,12,52.37,4.908,241.05333333333334,4.206451612903226,90.12903225806451,2.0656451612903224,81.4,342,0.0595,405,18.158547599999995,20.349,1.0804335821999997,5.0,0,netherlands
12,athens,1,37.97599999999999,23.736,306.12888888888887,7.929032258064517,69.70322580645161,2.6356451612903227,48.483870967741936,287,0.295,405,63.87083012903226,84.66499999999999,18.841894888064516,22.0,1,greece
13,athens,2,37.976,23.736,302.26944444444445,10.37857142857143,70.1,0.7201785714285714,49.146428571428565,287,0.295,405,62.25449717410715,84.66499999999999,18.36507666636161,22.0,1,greece
14,athens,3,37.97599999999999,23.736,371.0186111111111,8.861290322580645,64.32903225806452,1.4089032258064518,51.5,308,0.295,405,72.87733068749999,90.86,21.498812552812495,24.0,1,greece
15,athens,4,37.976,23.736,395.83222222222224,15.94,56.70666666666667,0.08966666666666666,33.346666666666664,333,0.295,405,106.85332506000003,98.235,31.521730892700006,32.0,1,greece
16,athens,5,37.97599999999999,23.736,441.1277777777778,20.641935483870967,49.66129032258065,0.2374838709677419,30.316129032258065,364,0.295,405,124.4949391451613,107.38,36.72600704782258,34.0,1,greece
17,athens,6,37.976,23.736,442.61305555555555,26.45,46.57666666666667,0.15506666666666666,27.933333333333334,401,0.295,405,129.185472525,118.29499999999999,38.109714394875,32.0,1,greece
18,athens,7,37.97599999999999,23.736,449.41333333333336,28.193548387096776,37.351612903225806,0.19503225806451613,13.087096774193547,456,0.295,405,158.19226107096776,134.51999999999998,46.66671701593549,35.0,1,greece
19,athens,8,37.97599999999999,23.736,421.4794444444444,27.529032258064515,50.34838709677419,1.7751612903225804,25.135483870967743,442,0.295,405,127.79311139999999,130.39,37.69896786299999,29.0,1,greece
20,athens,9,37.976,23.736,372.8036111111111,23.790000000000003,56.07666666666667,0.7273,24.23,372,0.295,405,114.40168493625,109.74,33.74849705619375,31.0,1,greece
21,athens,10,37.97599999999999,23.736,347.425,19.393548387096775,54.49032258064516,0.4822903225806452,27.848387096774193,330,0.295,405,101.52246015725805,97.35,29.949125746391125,31.0,1,greece
22,athens,11,37.976,23.736,304.10555555555555,15.95,66.93666666666667,1.5859999999999999,38.980000000000004,291,0.295,405,75.15391005,85.845,22.170403464749995,26.0,1,greece
23,athens,12,37.97599999999999,23.736,296.97305555555556,13.212903225806452,75.96129032258065,0.9469677419354838,48.21290322580645,279,0.295,405,62.286458087903235,82.30499999999999,18.374505135931454,22.0,1,greece
24,belgrade,1,44.813,20.463,286.6377777777778,1.6548387096774193,80.33548387096775,3.809903225806452,39.645161290322584,260,0.0617,405,70.06490622580645,16.041999999999998,4.323004714132258,27.0,2,serbia
25,belgrade,2,44.813,20.463,292.28027777777777,6.289285714285714,70.61071428571428,0.5712142857142857,33.30714285714286,244,0.0617,405,78.94667758660714,15.0548,4.87101000709366,32.0,2,serbia
26,belgrade,3,44.813,20.463,370.0572222222222,6.287096774193548,55.770967741935486,0.43529032258064515,24.529032258064515,274,0.0617,405,113.11073555806452,16.9058,6.97893238393258,41.0,2,serbia
27,belgrade,4,44.813,20.463,405.05444444444447,11.723333333333333,65.98666666666666,2.2120666666666664,31.55,315,0.0617,405,112.290205725,19.4355,6.9283056932325,36.0,2,serbia
28,belgrade,5,44.813,20.463,460.04305555555555,19.503225806451614,57.15806451612904,0.9835806451612903,20.55483870967742,352,0.0617,405,148.02018873387095,21.7184,9.132845644879838,42.0,2,serbia
29,belgrade,6,44.813,20.463,465.8647222222222,23.916666666666668,61.07666666666667,1.2883666666666669,17.833333333333332,376,0.0617,405,155.0281329375,23.199199999999998,9.56523580224375,41.0,2,serbia
30,belgrade,7,44.813,20.463,470.88416666666666,25.0,53.751612903225805,2.075741935483871,12.306451612903226,398,0.0617,405,167.23868898991935,24.5566,10.318627110678024,42.0,2,serbia
31,belgrade,8,44.813,20.463,434.53694444444443,24.42258064516129,65.16774193548387,2.7838064516129033,39.987096774193546,370,0.0617,405,105.61518555967743,22.829,6.516456949032097,29.0,2,serbia
32,belgrade,9,44.813,20.463,375.60805555555555,17.603333333333335,77.90333333333334,3.2565666666666666,54.99333333333333,323,0.0617,405,68.46470954250002,19.9291,4.224272578772251,21.0,2,serbia
33,belgrade,10,44.813,20.463,339.9291666666667,14.725806451612904,77.31935483870969,0.24890322580645158,40.354838709677416,306,0.0617,405,82.11427639112902,18.8802,5.06645085333266,27.0,2,serbia
34,belgrade,11,44.813,20.463,287.6088888888889,8.856666666666666,89.12333333333332,2.030666666666667,61.07,276,0.0617,405,45.346286879999994,17.0292,2.7978659004959994,16.0,2,serbia
35,belgrade,12,44.813,20.463,274.6080555555556,6.267741935483872,80.94193548387096,2.281096774193548,57.71290322580645,260,0.0617,405,47.030128552016144,16.041999999999998,2.901758931659396,18.0,2,serbia
36,berlin,1,52.516,13.377,257.11,3.7225806451612904,84.15806451612903,0.9963870967741936,59.364285714285714,395,0.233,405,42.313786424999996,92.03500000000001,9.859112237025,11.0,3,germany
37,berlin,2,52.516,13.377,277.6072222222222,5.228571428571429,77.21785714285714,2.0112857142857146,72.74285714285715,348,0.233,405,30.645457842857144,81.084,7.140391677385715,9.0,3,germany
38,berlin,3,52.516,13.377,368.7725,5.706451612903226,58.461290322580645,0.034967741935483874,29.070967741935487,354,0.233,405,105.93454002096772,82.482,24.682747824885478,30.0,3,germany
39,berlin,4,52.516,13.377,418.8016666666667,8.726666666666667,63.95333333333333,0.9629666666666666,66.71666666666667,327,0.233,405,56.4534176625,76.191,13.1536463153625,17.0,3,germany
40,berlin,5,52.516,13.377,488.9822222222222,15.67741935483871,60.38709677419355,0.9194193548387097,62.23225806451613,353,0.233,405,74.79440523870966,82.24900000000001,17.42709642061935,21.0,3,germany
41,berlin,6,52.516,13.377,502.2869444444445,20.35,57.97,0.9201666666666667,53.92333333333333,387,0.233,405,93.73201784625,90.171,21.83956015817625,24.0,3,germany
42,berlin,7,52.516,13.377,504.0683333333334,20.238709677419354,56.78709677419355,1.0146451612903227,53.9483870967742,408,0.233,405,94.01329704193549,95.06400000000001,21.90509821077097,23.0,3,germany
43,berlin,8,52.516,13.377,454.0855555555556,21.72258064516129,63.36129032258064,1.803,58.751612903225805,391,0.233,405,75.85770192096776,91.10300000000001,17.674844547585487,19.0,3,germany
44,berlin,9,52.516,13.377,379.7863888888889,13.99,74.31666666666666,1.5057333333333331,64.71333333333332,346,0.233,405,54.27565262250001,80.61800000000001,12.646227061042504,16.0,3,germany
45,berlin,10,52.516,13.377,328.98083333333335,12.903225806451612,82.26774193548388,0.8163870967741935,56.851612903225806,358,0.233,405,57.4897189935484,83.414,13.395104525496778,16.0,3,germany
46,berlin,11,52.516,13.377,262.84083333333336,6.0,86.69333333333334,0.319,70.32333333333332,401,0.233,405,31.59097117875001,93.433,7.3606962846487525,8.0,3,germany
47,berlin,12,52.516,13.377,240.27194444444444,1.903225806451613,88.65806451612903,1.5634838709677419,81.30322580645162,424,0.233,405,18.193856675806447,98.792,4.239168605462902,4.0,3,germany
48,bern,1,46.948,7.44,279.49583333333334,0.8161290322580645,82.26129032258065,1.0161612903225805,41.483333333333334,483,0.222,405,66.23841628125,107.226,14.7049284144375,14.0,4,switzerland
49,bern,2,46.948,7.44,288.7052777777778,3.6821428571428574,75.00714285714285,1.8346785714285716,60.232142857142854,452,0.222,405,46.498820484375,100.34400000000001,10.32273814753125,10.0,4,switzerland
50,bern,3,46.948,7.44,369.7813888888889,6.019354838709678,65.51290322580645,0.4763548387096774,39.84516129032258,422,0.222,405,90.08876621612902,93.684,19.999706099980642,21.0,4,switzerland
51,bern,4,46.948,7.44,408.4775,8.693333333333333,71.39,2.6689333333333334,64.89333333333333,362,0.222,405,58.078147904999994,80.364,12.893348834909999,16.0,4,switzerland
52,bern,5,46.948,7.44,467.0877777777778,15.658064516129032,70.95161290322581,1.264032258064516,69.76451612903226,367,0.222,405,57.19663113387096,81.474,12.697652111719353,16.0,4,switzerland
53,bern,6,46.948,7.44,474.57722222222225,19.31,70.68666666666667,3.4352,59.736666666666665,392,0.222,405,77.38764660750002,87.024,17.180057546865005,20.0,4,switzerland
54,bern,7,46.948,7.44,478.84222222222223,20.62258064516129,63.851612903225806,2.334709677419355,42.52258064516129,410,0.222,405,111.46659160645162,91.02,24.745583336632258,27.0,4,switzerland
55,bern,8,46.948,7.44,439.2708333333333,19.990322580645163,68.6258064516129,1.7693225806451613,48.99677419354839,387,0.222,405,90.73712948588708,85.914,20.14364274586693,23.0,4,switzerland
56,bern,9,46.948,7.44,376.58222222222224,14.03,80.11333333333333,6.283266666666666,69.2,370,0.222,405,46.974866399999996,82.14,10.428420340799999,13.0,4,switzerland
57,bern,10,46.948,7.44,337.16777777777776,13.245161290322581,87.95161290322581,2.591322580645161,69.98064516129033,437,0.222,405,40.9923146032258,97.014,9.100293841916129,9.0,4,switzerland
58,bern,11,46.948,7.44,281.52472222222224,6.623333333333333,88.59666666666666,2.0168333333333335,79.66666666666667,468,0.222,405,23.18356087499999,103.896,5.146750514249998,5.0,4,switzerland
59,bern,12,46.948,7.44,266.3155555555556,2.3096774193548386,90.3741935483871,3.1720967741935486,84.31612903225808,452,0.222,405,16.916278180645147,100.34400000000001,3.7554137561032226,4.0,4,switzerland
60,brussels,1,50.844,4.356,264.51944444444445,4.374193548387097,87.86129032258064,1.984451612903226,79.9,390,0.3791,405,21.533205374999994,147.849,8.163238157662498,6.0,5,belgium
61,brussels,2,50.844,4.356,281.26222222222225,6.664285714285714,77.39999999999999,3.151535714285714,66.825,347,0.3791,405,37.7900406,131.5477,14.32620439146,11.0,5,belgium
62,brussels,3,50.844,4.356,369.1361111111111,8.506451612903225,61.60645161290322,0.06935483870967743,35.63548387096775,353,0.3791,405,96.22503206854837,133.82229999999998,36.47890965718669,27.0,5,belgium
63,brussels,4,50.844,4.356,415.46194444444444,10.093333333333334,67.42333333333333,1.1235,60.169999999999995,321,0.3791,405,67.01878945125002,121.69109999999999,25.40682308096888,21.0,5,belgium
64,brussels,5,50.844,4.356,481.7725,15.135483870967741,68.14838709677419,1.9380322580645162,53.593548387096774,331,0.3791,405,90.54727644919353,125.4821,34.32647250188927,27.0,5,belgium
65,brussels,6,50.844,4.356,493.0400000000001,17.69333333333333,68.94,2.8199666666666667,48.94666666666667,347,0.3791,405,101.94390864,131.5477,38.646935765424,29.0,5,belgium
66,brussels,7,50.844,4.356,495.66805555555555,19.45483870967742,64.43225806451613,0.19748387096774192,51.270967741935486,371,0.3791,405,97.82136990725805,140.6461,37.084081331841524,26.0,5,belgium
67,brussels,8,50.844,4.356,449.18833333333333,21.293548387096774,61.42903225806452,0.5348064516129033,45.39354838709678,362,0.3791,405,99.34075300645162,137.2342,37.660079464745806,27.0,5,belgium
68,brussels,9,50.844,4.356,378.69944444444445,14.996666666666666,79.19,3.2590333333333334,66.81,330,0.3791,405,50.90458997249999,125.103,19.297930058574746,15.0,5,belgium
69,brussels,10,50.844,4.356,331.60583333333335,14.338709677419354,82.43225806451613,1.248774193548387,65.42903225806451,348,0.3791,405,46.42893499717743,131.9268,17.601209257429964,13.0,5,belgium
70,brussels,11,50.844,4.356,268.95166666666665,9.113333333333333,87.09666666666666,1.9210333333333334,70.22,382,0.3791,405,32.437991565000004,144.8162,12.297242602291501,8.0,5,belgium
71,brussels,12,50.844,4.356,248.9027777777778,4.174193548387097,89.54516129032258,3.281741935483871,77.68387096774192,402,0.3791,405,22.495913346774213,152.3982,8.528200749762103,6.0,5,belgium
72,bucharest,1,44.434,26.103,287.8325,2.0193548387096776,71.58064516129032,0.22080645161290322,54.49032258064516,378,0.2683,405,53.05161511451612,101.41739999999999,14.233748335224673,14.0,6,romania
73,bucharest,2,44.434000000000005,26.103,292.87305555555554,5.2,64.08571428571429,0.2432857142857143,54.017857142857146,372,0.2683,405,54.541069252232134,99.8076,14.633368880373881,15.0,6,romania
74,bucharest,3,44.434,26.103,370.09027777777777,5.300000000000001,55.829032258064515,0.48503225806451616,55.94516129032258,415,0.2683,405,66.03228335685485,111.3445,17.716461624644154,16.0,6,romania
75,bucharest,4,44.434,26.103,404.4613888888889,11.836666666666668,66.0,2.3033333333333337,57.166666666666664,462,0.2683,405,70.1639394375,123.9546,18.82498495108125,15.0,6,romania
76,bucharest,5,44.434,26.103,458.85,18.070967741935487,61.95161290322581,2.5626129032258067,53.36451612903225,475,0.2683,405,86.66470168548388,127.4425,23.25213946221532,18.0,6,romania
77,bucharest,6,44.434,26.103,464.40222222222224,22.46333333333333,65.19333333333333,1.8484333333333332,55.9,445,0.2683,405,82.9445589,119.39349999999999,22.25402515287,19.0,6,romania
78,bucharest,7,44.434,26.103,469.55611111111114,25.654838709677417,51.49354838709677,0.763,44.68064516129032,392,0.2683,405,105.2009415653226,105.1736,28.22541262197605,27.0,6,romania
79,bucharest,8,44.434,26.103,433.74861111111113,25.958064516129035,56.53225806451613,1.1389677419354838,46.806451612903224,369,0.2683,405,93.4441423185484,99.00269999999999,25.071063384066534,25.0,6,romania
80,bucharest,9,44.434,26.103,375.4563888888889,18.459999999999997,65.18666666666667,1.2827333333333333,54.09666666666667,336,0.2683,405,69.80053407375,90.1488,18.727483291987124,21.0,6,romania
81,bucharest,10,44.434,26.103,340.41055555555556,14.02258064516129,66.22258064516129,0.33399999999999996,38.751612903225805,328,0.2683,405,84.44086978790322,88.0024,22.655485364094435,26.0,6,romania
82,bucharest,11,44.434,26.103,288.6475,9.046666666666665,85.13333333333334,1.5482333333333334,69.61,320,0.2683,405,35.52658997625001,85.856,9.531784090627877,11.0,6,romania
83,bucharest,12,44.434,26.103,276.00694444444446,3.293548387096774,90.48064516129033,0.6113548387096774,73.97741935483872,324,0.2683,405,29.088772530241933,86.9292,7.80451766986391,9.0,6,romania
84,budapest,1,47.5,19.055,277.5005555555556,2.448387096774194,68.20967741935483,0.09306451612903227,24.58709677419355,304,0.0853,405,84.7548462919355,25.9312,7.229588388702098,28.0,7,hungary
85,budapest,2,47.5,19.055,287.6736111111111,5.796428571428572,62.003571428571426,0.4615,24.12857142857143,276,0.0853,405,88.3961417410714,23.5428,7.540190890513391,32.0,7,hungary
86,budapest,3,47.5,19.055,369.635,6.77741935483871,45.3,0.4224193548387097,9.561290322580644,308,0.0853,405,135.38871542903226,26.2724,11.548657426096453,44.0,7,hungary
87,budapest,4,47.5,19.055,409.3425,10.156666666666666,61.34,1.9032333333333333,27.71333333333333,352,0.0853,405,119.83951964250002,30.0256,10.222311025505253,34.0,7,hungary
88,budapest,5,47.5,19.055,468.9627777777778,17.961290322580645,58.5,0.7542903225806451,13.706451612903225,394,0.0853,405,163.89727173145158,33.608200000000004,13.98043727869282,42.0,7,hungary
89,budapest,6,47.5,19.055,476.9611111111111,22.636666666666667,57.15,1.7259,12.803333333333335,423,0.0853,405,168.437147025,36.0819,14.367688641232501,40.0,7,hungary
90,budapest,7,47.5,19.055,481.0622222222222,24.241935483870968,47.196774193548386,0.6825483870967741,10.01290322580645,411,0.0853,405,175.32204061935485,35.0583,14.954970064830968,43.0,7,hungary
91,budapest,8,47.5,19.055,440.6275,24.338709677419356,57.9483870967742,1.6487419354838708,16.60967741935484,374,0.0853,405,148.81348091975806,31.9022,12.693789922455363,40.0,7,hungary
92,budapest,9,47.5,19.055,376.9172222222222,16.0,73.26,2.6639333333333335,45.38333333333333,338,0.0853,405,83.3731472625,28.8314,7.11172946149125,25.0,7,hungary
93,budapest,10,47.5,19.055,336.4902777777778,12.812903225806451,80.20967741935483,0.4955483870967742,58.00645161290323,327,0.0853,405,57.22820408467741,27.8931,4.881565808422983,18.0,7,hungary
94,budapest,11,47.5,19.055,279.9169444444445,6.63,91.9,1.6512333333333333,73.57333333333332,300,0.0853,405,29.958950730000016,25.59,2.5554984972690016,10.0,7,hungary
95,budapest,12,47.5,19.055,264.0555555555556,2.364516129032258,87.60967741935484,2.312258064516129,67.78064516129032,296,0.0853,405,34.4561835483871,25.2488,2.93911245667742,12.0,7,hungary
96,copenhagen,1,55.676,12.568,241.07250000000002,3.8806451612903223,84.28064516129032,1.8706129032258063,74.88709677419355,452,0.363,405,24.518822969758062,164.076,8.900332738022177,5.0,8,denmark
97,copenhagen,2,55.676,12.568,269.9075,4.007142857142857,84.13214285714285,3.30075,65.52142857142857,393,0.363,405,37.68940132232143,142.659,13.681252680002679,10.0,8,denmark
98,copenhagen,3,55.676,12.568,368.125,4.083870967741936,73.56774193548387,0.041935483870967745,38.354838709677416,399,0.363,405,91.90715625,144.837,33.36229771875,23.0,8,denmark
99,copenhagen,4,55.676,12.568,426.04583333333335,6.796666666666667,69.77333333333334,1.0366666666666666,47.980000000000004,366,0.363,405,89.75976221250001,132.858,32.5827936831375,25.0,8,denmark
100,copenhagen,5,55.676,12.568,504.78111111111116,12.316129032258065,73.29032258064517,1.5223870967741937,61.28387096774193,379,0.363,405,79.1498410548387,137.577,28.73139230290645,21.0,8,denmark
101,copenhagen,6,55.676,12.568,522.8497222222223,16.279999999999998,74.28,1.1380000000000001,59.03,408,0.363,405,86.75567013375002,148.10399999999998,31.492308258551255,21.0,8,denmark
102,copenhagen,7,55.676,12.568,522.4786111111111,17.783870967741933,69.41935483870968,0.6626774193548387,58.97096774193548,428,0.363,405,86.81900674717743,155.364,31.515299449225406,20.0,8,denmark
103,copenhagen,8,55.676,12.568,464.5088888888889,19.241935483870968,73.47419354838709,1.6966129032258064,51.65161290322581,413,0.363,405,90.95593505806451,149.91899999999998,33.01700442607741,22.0,8,denmark
104,copenhagen,9,55.676,12.568,381.9997222222222,14.08,75.60666666666665,2.255533333333333,64.61999999999999,372,0.363,405,54.73635819750001,135.036,19.869298025692505,15.0,8,denmark
105,copenhagen,10,55.676,12.568,323.3063888888889,12.338709677419354,85.16774193548386,1.0798387096774194,66.81935483870969,388,0.363,405,43.44643400080644,140.844,15.771055542292737,11.0,8,denmark
106,copenhagen,11,55.676,12.568,249.56555555555556,7.983333333333333,84.38000000000001,0.5136,82.51666666666667,441,0.363,405,17.671113075000008,160.083,6.414614046225003,4.0,8,denmark
107,copenhagen,12,55.676,12.568,221.31694444444446,1.8870967741935485,88.15483870967742,1.593225806451613,77.21290322580644,460,0.363,405,20.424841054838723,166.98,7.414217302906456,4.0,8,denmark
108,dublin,1,53.348,-6.248,253.24861111111113,5.796774193548386,84.63870967741936,0.41125806451612906,68.6741935483871,484,0.3718,405,32.129528752016135,179.9512,11.9457587899996,7.0,9,ireland
109,dublin,2,53.348,-6.248,275.7977777777778,6.835714285714286,83.29642857142858,2.6525,74.15357142857144,443,0.3718,405,28.869969632142844,164.7074,10.73385470923071,7.0,9,ireland
110,dublin,3,53.348,-6.248,368.72777777777776,6.922580645161291,77.8225806451613,1.266483870967742,55.86129032258064,434,0.3718,405,65.91443174999999,161.3612,24.506985724649997,15.0,9,ireland
111,dublin,4,53.348,-6.248,420.7055555555556,8.153333333333332,78.78,0.5764,63.43666666666666,404,0.3718,405,62.29870972500001,150.2072,23.162660275755005,15.0,9,ireland
112,dublin,5,53.348,-6.248,492.9377777777778,12.070967741935483,77.92903225806452,1.7314516129032258,74.91612903225807,401,0.3718,405,50.077389832258056,149.0918,18.618773539633548,12.0,9,ireland
113,dublin,6,53.348,-6.248,507.28638888888895,13.753333333333334,75.83,1.6148666666666667,74.42,420,0.3718,405,52.554362602500014,156.156,19.539712015609506,13.0,9,ireland
114,dublin,7,53.348,-6.248,508.49000000000007,16.63225806451613,75.46451612903226,0.7804193548387097,80.84516129032258,435,0.3718,405,39.4471779387097,161.733,14.666460757612267,9.0,9,ireland
115,dublin,8,53.348,-6.248,456.55333333333334,16.219354838709677,74.76774193548388,1.2626451612903227,63.58387096774193,428,0.3718,405,67.3349156419355,159.1304,25.03512163567162,16.0,9,ireland
116,dublin,9,53.348,-6.248,380.2225,13.29,83.23,0.2552666666666667,73.86666666666666,401,0.3718,405,40.242749400000015,149.0918,14.962254226920006,10.0,9,ireland
117,dublin,10,53.348,-6.248,327.4580555555556,12.274193548387096,82.33870967741936,2.165774193548387,66.16129032258064,414,0.3718,405,44.87707019758065,153.92520000000002,16.685294699460485,11.0,9,ireland
118,dublin,11,53.348,-6.248,259.4838888888889,9.056666666666667,83.30666666666666,1.4194,66.53,461,0.3718,405,35.1739493325,171.3998,13.077674361823501,8.0,9,ireland
119,dublin,12,53.348,-6.248,235.62944444444443,4.483870967741935,86.6516129032258,1.6379354838709679,67.81290322580645,488,0.3718,405,30.716122311290317,181.4384,11.42025427533774,6.0,9,ireland
120,helsinki,1,60.171,24.933,211.255,-2.164516129032258,88.25161290322582,2.3301612903225806,69.39032258064516,563,0.1873,405,26.189111983064517,105.4499,4.905220674427984,5.0,10,finland
121,helsinki,2,60.171,24.933,256.18638888888887,-1.1071428571428572,88.37857142857142,3.0500000000000003,69.82857142857144,506,0.1873,405,31.304512799999987,94.7738,5.863335247439998,6.0,10,finland
122,helsinki,3,60.171,24.933,366.92805555555555,0.967741935483871,72.05806451612904,0.2510322580645161,31.625806451612902,481,0.1873,405,101.60806004999999,90.0913,19.031189647364997,21.0,10,finland
123,helsinki,4,60.171,24.933,438.80611111111114,4.14,66.57666666666667,0.46153333333333335,36.32,440,0.1873,405,113.16985128,82.41199999999999,21.196713144744,26.0,10,finland
124,helsinki,5,60.171,24.933,534.1525,9.577419354838709,64.93548387096774,1.5381935483870968,52.11290322580645,417,0.1873,405,103.59500046169356,78.1041,19.403343586475202,25.0,10,finland
125,helsinki,6,60.171,24.933,563.28,16.756666666666668,68.68,0.8127333333333333,39.626666666666665,443,0.1873,405,137.72871935999999,82.9739,25.796589136127995,31.0,10,finland
126,helsinki,7,60.171,24.933,557.6933333333334,18.480645161290322,71.2741935483871,1.0170322580645161,40.37096774193548,472,0.1873,405,134.6815907419355,88.40559999999999,25.22586194596452,29.0,10,finland
127,helsinki,8,60.171,24.933,483.3538888888889,19.361290322580647,74.96774193548387,0.4746451612903226,32.39032258064516,488,0.1873,405,132.35157205403226,91.4024,24.78944944572024,27.0,10,finland
128,helsinki,9,60.171,24.933,386.00555555555553,10.563333333333333,76.73,1.1792,53.45333333333333,466,0.1873,405,72.7674513,87.2818,13.62934362849,16.0,10,finland
129,helsinki,10,60.171,24.933,313.4675,8.658064516129032,85.61612903225806,1.2355806451612903,61.47096774193548,498,0.1873,405,48.9142776483871,93.27539999999999,9.161644203542904,10.0,10,finland
130,helsinki,11,60.171,24.933,225.45555555555558,3.243333333333333,87.59333333333333,1.3840333333333334,85.9,544,0.1873,405,12.874639499999994,101.8912,2.4114199783499988,2.0,10,finland
131,helsinki,12,60.171,24.933,185.29222222222222,-1.929032258064516,90.73225806451612,1.965967741935484,79.53870967741935,560,0.1873,405,15.354837711290328,104.88799999999999,2.8759611033246784,3.0,10,finland
132,kyiv,1,50.451,30.524,266.0805555555556,-1.3741935483870968,81.83225806451614,1.7322580645161292,80.03870967741935,321,0.042,405,21.51081043548388,13.482000000000001,0.903454038290323,7.0,11,ukraine
133,kyiv,2,50.451,30.524,281.9533333333333,1.5857142857142856,76.41785714285713,0.5892857142857143,56.43928571428571,293,0.042,405,49.74245881071428,12.306000000000001,2.08918327005,17.0,11,ukraine
134,kyiv,3,50.451,30.524,369.06444444444446,2.225806451612903,60.63225806451613,0.4096774193548387,52.54516129032258,322,0.042,405,70.93126942258064,13.524000000000001,2.979113315748387,22.0,11,ukraine
135,kyiv,4,50.451,30.524,414.57,7.996666666666667,69.52,1.4966666666666666,80.82333333333332,377,0.042,405,32.19778633500002,15.834000000000001,1.3523070260700008,9.0,11,ukraine
136,kyiv,5,50.451,30.524,480.05555555555554,14.432258064516128,51.63548387096775,1.1290322580645162,59.56774193548387,444,0.042,405,78.60940693548386,18.648,3.3015950912903222,18.0,11,ukraine
137,kyiv,6,50.451,30.524,490.97388888888895,21.823333333333334,54.47666666666667,1.4400000000000002,56.263333333333335,464,0.042,405,86.9679233475,19.488,3.6526527805950004,19.0,11,ukraine
138,kyiv,7,50.451,30.524,493.88694444444445,21.19677419354839,61.593548387096774,1.2806451612903227,59.670967741935485,458,0.042,405,80.6678291830645,19.236,3.388048825688709,18.0,11,ukraine
139,kyiv,8,50.451,30.524,448.2316666666667,22.238709677419354,67.94516129032259,2.009677419354839,68.18709677419355,418,0.042,405,57.75118006935485,17.556,2.425549562912904,14.0,11,ukraine
140,kyiv,9,50.451,30.524,378.60333333333335,12.783333333333333,76.17333333333333,2.1533333333333333,79.41666666666667,370,0.042,405,31.561320375,15.540000000000001,1.3255754557500001,9.0,11,ukraine
141,kyiv,10,50.451,30.524,332.3458333333333,10.438709677419356,75.85483870967742,1.1580645161290322,62.877419354838715,341,0.042,405,49.96701674999999,14.322000000000001,2.0986147035,15.0,11,ukraine
142,kyiv,11,50.451,30.524,270.43083333333334,3.3800000000000003,87.38333333333334,2.203333333333333,85.94,319,0.042,405,15.399142942500006,13.398000000000001,0.6467640035850003,5.0,11,ukraine
143,kyiv,12,50.451,30.524,250.84166666666667,-0.7548387096774193,85.02903225806452,1.635483870967742,86.73548387096774,313,0.042,405,13.475537999999997,13.146,0.5659725959999999,4.0,11,ukraine
144,lisbon,1,38.72599999999999,-9.149,304.2663888888889,11.887096774193548,68.54516129032258,0.14232258064516132,35.309677419354834,373,0.1972,405,79.71651793306454,73.5556,15.720097336400325,21.0,12,portugal
145,lisbon,2,38.726,-9.149,301.3688888888889,13.667857142857143,64.80357142857143,0.2576428571428571,38.46785714285714,378,0.1972,405,75.10268777142856,74.54159999999999,14.810250028525711,20.0,12,portugal
146,lisbon,3,38.72599999999999,-9.149,371.03805555555556,13.716129032258063,74.31935483870969,3.0215483870967743,49.71935483870968,401,0.1972,405,75.55693289153226,79.07719999999999,14.89982716621016,19.0,12,portugal
147,lisbon,4,38.726,-9.149,396.85583333333335,14.99,67.26666666666667,1.4867333333333335,46.093333333333334,417,0.1972,405,86.642359245,82.2324,17.085873243113998,21.0,12,portugal
148,lisbon,5,38.72599999999999,-9.149,443.07194444444445,20.34193548387097,58.354838709677416,0.18787096774193546,47.84516129032258,429,0.1972,405,93.58880048709679,84.5988,18.455711456055486,22.0,12,portugal
149,lisbon,6,38.726,-9.149,444.90472222222223,20.44,66.84,0.26406666666666667,40.663333333333334,452,0.1972,405,106.91661096374999,89.1344,21.083955682051496,24.0,12,portugal
150,lisbon,7,38.72599999999999,-9.149,451.46555555555557,24.783870967741933,53.81612903225806,0.015419354838709676,27.703225806451613,466,0.1972,405,132.18998847096773,91.89519999999999,26.067865726474835,28.0,12,portugal
151,lisbon,8,38.72599999999999,-9.149,422.6713888888889,22.270967741935483,66.86774193548388,3.2258064516129034e-05,32.47741935483871,459,0.1972,405,115.58644491774194,90.5148,22.79364693777871,25.0,12,portugal
152,lisbon,9,38.726,-9.149,372.96694444444444,21.42,72.3,1.5194333333333332,41.526666666666664,426,0.1972,405,88.32491288249999,84.0072,17.417672820428997,21.0,12,portugal
153,lisbon,10,38.72599999999999,-9.149,346.56194444444446,20.029032258064515,74.15483870967742,3.7240967741935487,45.26451612903226,408,0.1972,405,76.82540466774192,80.4576,15.149969800478706,19.0,12,portugal
154,lisbon,11,38.726,-9.149,302.3861111111111,15.416666666666666,85.09666666666666,2.1920333333333333,50.04,383,0.1972,405,61.184200950000005,75.52759999999999,12.06552442734,16.0,12,portugal
155,lisbon,12,38.72599999999999,-9.149,294.7522222222222,14.422580645161291,92.43548387096774,5.968967741935484,60.08709677419355,368,0.1972,405,47.64588853064516,72.5696,9.395769218243224,13.0,12,portugal
156,ljubljana,1,46.051,14.503,282.57,0.6838709677419356,80.93870967741935,2.9966129032258064,45.39354838709678,244,0.1533,405,62.49208738064516,37.4052,9.580036995452902,26.0,13,slovenia
157,ljubljana,2,46.051,14.503,290.2347222222222,4.757142857142857,69.85357142857143,1.2939642857142857,60.957142857142856,231,0.1533,405,45.89295083035715,35.412299999999995,7.035389362293751,20.0,13,slovenia
158,ljubljana,3,46.051,14.503,369.8911111111111,6.370967741935484,49.50322580645161,0.6821612903225807,33.3258064516129,254,0.1533,405,99.88187571290324,38.938199999999995,15.311891546788065,39.0,13,slovenia
159,ljubljana,4,46.051,14.503000000000002,406.9963888888889,9.616666666666667,66.81333333333333,2.5760666666666667,60.57,290,0.1533,405,64.99386383625,44.457,9.963559326097124,22.0,13,slovenia
160,ljubljana,5,46.051,14.503,464.0436111111111,16.532258064516128,72.05483870967741,1.6968709677419356,59.248387096774195,334,0.1533,405,76.58762872137098,51.2022,11.74088348298617,23.0,13,slovenia
161,ljubljana,6,46.051,14.503000000000002,470.8075,21.39,68.26666666666667,0.5529666666666666,47.85333333333333,358,0.1533,405,99.43171915500001,54.8814,15.242882546461502,28.0,13,slovenia
162,ljubljana,7,46.051,14.503,475.41027777777776,22.741935483870968,60.78709677419354,0.9332580645161289,44.141935483870974,369,0.1533,405,107.54976676935483,56.567699999999995,16.487379245742094,29.0,13,slovenia
163,ljubljana,8,46.051,14.503,437.2375,21.490322580645163,67.49032258064516,1.0266774193548387,57.91290322580645,343,0.1533,405,74.52833075201612,52.5819,11.42519310428407,22.0,13,slovenia
164,ljubljana,9,46.051,14.503000000000002,376.17055555555555,15.133333333333333,80.02,13.454266666666665,66.31333333333333,305,0.1533,405,51.321325065,46.756499999999996,7.8675591324645,17.0,13,slovenia
165,ljubljana,10,46.051,14.503,338.3619444444444,14.04516129032258,81.59032258064516,1.5359032258064516,52.351612903225806,272,0.1533,405,65.29572367620968,41.697599999999994,10.009834439562942,24.0,13,slovenia
166,ljubljana,11,46.051,14.503000000000002,284.15250000000003,7.696666666666667,85.73666666666666,2.226633333333333,81.22666666666667,247,0.1533,405,21.60468288,37.8651,3.3119978855039998,9.0,13,slovenia
167,ljubljana,12,46.051,14.503,269.89722222222224,4.054838709677419,86.11935483870967,5.988741935483871,92.18064516129031,241,0.1533,405,8.547209709677421,36.945299999999996,1.3102872484935486,4.0,13,slovenia
168,london,1,51.506,-0.127,261.69222222222226,5.961290322580646,82.69999999999999,0.5427096774193548,55.71612903225807,585,0.25,405,46.93441563870969,146.25,11.733603909677422,8.0,14,united kingdom
169,london,2,51.50600000000001,-0.127,279.8877777777778,8.307142857142857,74.89285714285714,1.8432857142857142,56.964285714285715,535,0.25,405,48.78294026785715,133.75,12.195735066964287,9.0,14,united kingdom
170,london,3,51.506,-0.127,369.04083333333335,9.33548387096774,72.46774193548387,1.097,47.87096774193548,544,0.25,405,77.91285309677419,136.0,19.478213274193546,14.0,14,united kingdom
171,london,4,51.506,-0.127,416.7972222222222,11.013333333333332,64.31,0.6198,42.70333333333333,514,0.25,405,96.7184206125,128.5,24.179605153125,19.0,14,united kingdom
172,london,5,51.506,-0.127,484.5836111111111,14.77741935483871,69.06774193548387,1.218290322580645,49.60967741935484,506,0.25,405,98.89421414879033,126.5,24.72355353719758,20.0,14,united kingdom
173,london,6,51.506,-0.127,496.5958333333334,17.403333333333332,64.35333333333332,0.7650666666666666,39.86666666666667,519,0.25,405,120.94094925,129.75,30.2352373125,23.0,14,united kingdom
174,london,7,51.506,-0.127,498.8727777777778,21.23548387096774,55.88387096774194,0.007612903225806452,41.064516129032256,539,0.25,405,119.07529962096775,134.75,29.76882490524194,22.0,14,united kingdom
175,london,8,51.506,-0.127,451.0391666666667,21.203225806451613,61.60322580645161,2.244870967741935,37.119354838709675,533,0.25,405,114.86461686169356,133.25,28.71615421542339,22.0,14,united kingdom
176,london,9,51.506,-0.127,379.0761111111111,15.993333333333334,73.12666666666668,1.6979,54.50333333333333,497,0.25,405,69.84913284750002,124.25,17.462283211875004,14.0,14,united kingdom
177,london,10,51.506,-0.127,330.5447222222222,14.37741935483871,80.83548387096775,2.1957741935483868,51.86129032258064,529,0.25,405,64.44358549475805,132.25,16.110896373689513,12.0,14,united kingdom
178,london,11,51.506,-0.127,266.55916666666667,10.57,85.08333333333333,3.623266666666667,66.09666666666666,580,0.25,405,36.600839336250004,145.0,9.150209834062501,6.0,14,united kingdom
179,london,12,51.506,-0.127,245.57583333333335,5.525806451612904,85.42903225806451,1.4361290322580644,63.07741935483871,616,0.25,405,36.722538718548385,154.0,9.180634679637096,6.0,14,united kingdom
180,luxembourg,1,49.61,6.13,269.5666666666667,2.1258064516129034,91.88064516129033,2.0126774193548385,64.65806451612903,349,0.1696,405,38.58438135483871,59.1904,6.5439110777806455,11.0,15,luxembourg
181,luxembourg,2,49.61,6.13,283.75138888888887,4.7749999999999995,81.44285714285715,2.2437142857142858,64.86785714285715,316,0.1696,405,40.373617037946424,53.5936,6.8473654496357135,13.0,15,luxembourg
182,luxembourg,3,49.61,6.13,369.34555555555556,6.95483870967742,59.53548387096774,0.7659032258064515,33.83548387096774,322,0.1696,405,98.97215836935484,54.611200000000004,16.78567805944258,31.0,15,luxembourg
183,luxembourg,4,49.61,6.13,413.115,8.843333333333334,66.29,0.30493333333333333,56.99,297,0.1696,405,71.9607084075,50.3712,12.204536145911998,24.0,15,luxembourg
184,luxembourg,5,49.61,6.13,476.80916666666667,15.506451612903225,62.983870967741936,0.8916129032258064,46.62903225806452,306,0.1696,405,103.0634549455645,51.8976,17.47956195876774,34.0,15,luxembourg
185,luxembourg,6,49.61,6.13,486.76500000000004,18.48,66.15666666666667,1.3876,45.373333333333335,322,0.1696,405,107.69091507,54.611200000000004,18.264379195872,33.0,15,luxembourg
186,luxembourg,7,49.61,6.13,489.97194444444443,20.654838709677417,54.27096774193548,0.21283870967741936,36.50322580645161,344,0.1696,405,126.00213356612902,58.3424,21.369961852815482,37.0,15,luxembourg
187,luxembourg,8,49.61,6.13,445.8597222222222,21.661290322580644,54.92580645161291,0.6900645161290322,38.809677419354834,339,0.1696,405,110.49331592540322,57.4944,18.739666380948385,33.0,15,luxembourg
188,luxembourg,9,49.61,6.13,377.99361111111114,13.99,77.21333333333334,1.7801666666666667,56.64333333333333,311,0.1696,405,66.37359914625,52.7456,11.256962415204,21.0,15,luxembourg
189,luxembourg,10,49.61,6.13,333.46916666666664,12.919354838709678,86.8741935483871,1.0269032258064517,62.32258064516129,328,0.1696,405,50.885243419354836,55.6288,8.630137283922581,16.0,15,luxembourg
190,luxembourg,11,49.61,6.13,273.18361111111113,7.48,91.65,0.37456666666666666,77.8,364,0.1696,405,24.561938474999998,61.7344,4.16570476536,7.0,15,luxembourg
191,luxembourg,12,49.61,6.13,254.7941666666667,2.803225806451613,89.56451612903226,0.3596451612903226,75.38387096774194,383,0.1696,405,25.4017866375,64.9568,4.30814301372,7.0,15,luxembourg
192,madrid,1,40.42,-3.6919999999999997,299.7311111111111,6.625806451612903,62.31935483870968,0.4116451612903226,25.548387096774192,470,0.2966,405,90.37763187096773,139.402,26.806005612929027,19.0,16,spain
193,madrid,2,40.42,-3.692,299.0225,9.782142857142857,57.625,0.2315,39.839285714285715,443,0.2966,405,72.85709910937499,131.3938,21.60941559584062,16.0,16,spain
194,madrid,3,40.42,-3.6919999999999997,370.79083333333335,9.906451612903227,71.85806451612903,3.3054193548387096,78.74838709677418,460,0.2966,405,31.913608195161302,136.43599999999998,9.46557619068484,7.0,16,spain
195,madrid,4,40.42,-3.692,398.98333333333335,11.896666666666667,63.11,1.8480333333333334,50.266666666666666,459,0.2966,405,80.363223,136.1394,23.8357319418,18.0,16,spain
196,madrid,5,40.42,-3.6919999999999997,447.44138888888887,19.916129032258063,47.82258064516129,0.3300967741935483,36.351612903225806,454,0.2966,405,115.33963702862901,134.6564,34.209736342691365,25.0,16,spain
197,madrid,6,40.42,-3.692,450.2625,24.38,36.5,0.03556666666666666,33.653333333333336,465,0.2966,405,120.9873348,137.91899999999998,35.884843501679995,26.0,16,spain
198,madrid,7,40.42,-3.6919999999999997,456.4352777777778,29.23548387096774,28.845161290322583,0.16348387096774192,9.041935483870969,473,0.2966,405,168.14170124637096,140.2918,49.87082858967362,36.0,16,spain
199,madrid,8,40.42,-3.6919999999999997,425.71972222222223,27.458064516129035,35.00322580645161,0.07235483870967743,19.85483870967742,463,0.2966,405,138.1834719979839,137.3258,40.98521779460202,30.0,16,spain
200,madrid,9,40.42,-3.692,373.6355555555555,20.956666666666667,50.27333333333333,0.7941666666666667,37.74333333333333,451,0.2966,405,94.20828216,133.76659999999998,27.942176488655996,21.0,16,spain
201,madrid,10,40.42,-3.6919999999999997,344.82416666666666,17.848387096774193,62.3,0.735516129032258,50.70967741935484,440,0.2966,405,68.83580235483872,130.504,20.41669897844516,16.0,16,spain
202,madrid,11,40.42,-3.692,298.5625,11.120000000000001,78.08,1.1860666666666666,58.763333333333335,425,0.2966,405,49.86247528125,126.05499999999999,14.789210168418748,12.0,16,spain
203,madrid,12,40.42,-3.6919999999999997,289.5761111111111,8.961290322580645,88.68064516129031,4.022903225806452,70.41290322580646,425,0.2966,405,34.69925151290322,126.05499999999999,10.291797998727093,8.0,16,spain
204,minsk,1,53.904,27.566,250.38805555555558,-2.358064516129032,87.74516129032257,1.481818181818182,81.41935483870968,347,0.056,405,18.842105032258065,19.432000000000002,1.0551578818064518,5.0,17,belarus
205,minsk,2,53.904,27.566,274.3025,-0.3428571428571429,83.91785714285713,1.1892857142857143,66.88214285714285,315,0.056,405,36.79145958616071,17.64,2.0603217368249997,12.0,17,belarus
206,minsk,3,53.904,27.566,368.40722222222223,0.5225806451612903,64.29354838709678,0.07419354838709677,33.90967741935484,332,0.056,405,98.61001623870968,18.592,5.522160909367742,30.0,17,belarus
207,minsk,4,53.904,27.566,421.75166666666667,4.943333333333333,77.23333333333333,3.02,59.376666666666665,375,0.056,405,69.38848208249999,21.0,3.8857549966199993,19.0,17,belarus
208,minsk,5,53.904,27.566,495.4763888888889,10.996774193548386,66.51935483870967,1.493548387096774,35.87096774193548,430,0.056,405,128.68640637096775,24.080000000000002,7.206438756774194,30.0,17,belarus
209,minsk,6,53.904,27.566,510.7433333333334,18.48,71.87666666666668,1.2,32.00666666666667,459,0.056,405,140.64492392999998,25.704,7.876115740079999,31.0,17,belarus
210,minsk,7,53.904,27.566,511.73638888888894,18.0,76.24193548387096,1.8870967741935485,39.67741935483871,459,0.056,405,125.02050133064519,25.704,7.001148074516131,27.0,17,belarus
211,minsk,8,53.904,27.566,458.52444444444444,20.82903225806452,68.80322580645162,0.39354838709677425,27.358064516129033,416,0.056,405,134.8978176,23.296,7.5542777856,32.0,17,belarus
212,minsk,9,53.904,27.566,380.80027777777775,10.103333333333333,82.51666666666667,1.3299999999999998,74.57,373,0.056,405,39.21919180875001,20.888,2.1962747412900008,11.0,17,belarus
213,minsk,10,53.904,27.566,326.685,8.306451612903226,87.69354838709677,1.5903225806451615,74.44193548387096,346,0.056,405,33.81521704112903,19.376,1.8936521543032259,10.0,17,belarus
214,minsk,11,53.904,27.566,257.3725,1.4933333333333332,92.09666666666666,1.37,92.88333333333334,325,0.056,405,7.418118881249993,18.2,0.4154146573499996,2.0,17,belarus
215,minsk,12,53.904,27.566,232.43444444444444,-3.5483870967741935,92.40967741935484,2.0806451612903225,90.70322580645161,315,0.056,405,8.75160670645161,17.64,0.4900899755612902,3.0,17,belarus
216,oslo,1,59.912,10.75,213.35,-0.6903225806451614,78.18064516129031,27.603290322580644,70.20322580645161,1316,0.2751,405,25.74642418548388,362.0316,7.082841293426616,2.0,18,norway
217,oslo,2,59.912,10.75,257.17805555555555,-0.4357142857142858,79.66428571428571,21.484428571428573,62.54642857142857,1180,0.2751,405,39.010558528125,324.618,10.731804651087188,3.0,18,norway
218,oslo,3,59.912,10.75,367.11,1.2032258064516128,70.63548387096773,20.511548387096774,44.74193548387097,1187,0.2751,405,82.15744166129032,326.5437,22.601512201020967,7.0,18,norway
219,oslo,4,59.912,10.75,438.0675,5.243333333333334,51.96666666666667,0.22633333333333333,59.56666666666667,1085,0.2751,405,71.7357434625,298.4835,19.73450302653375,7.0,18,norway
220,oslo,5,59.912,10.75,532.2386111111111,10.474193548387097,60.380645161290325,0.0,64.69677419354838,1136,0.2751,405,76.09844647741937,312.5136,20.93468262593807,7.0,18,norway
221,oslo,6,59.912,10.75,560.4244444444445,16.043333333333333,67.61999999999999,0.0,61.95,1296,0.2751,405,86.36280795,356.5296,23.758408467045,7.0,18,norway
222,oslo,7,59.912,10.75,555.1830555555556,16.541935483870965,65.03870967741936,0.1272258064516129,67.43225806451613,1517,0.2751,405,73.22828684516128,417.3267,20.14510171110387,5.0,18,norway
223,oslo,8,59.912,10.75,482.00416666666666,16.37741935483871,71.1,0.6806451612903225,59.306451612903224,1513,0.2751,405,79.43856251008064,416.22630000000004,21.853548546523186,5.0,18,norway
224,oslo,9,59.912,10.75,385.6433333333333,11.236666666666668,76.95,2.1647666666666665,66.98666666666666,1355,0.2751,405,51.562056240000004,372.76050000000004,14.184721671624002,4.0,18,norway
225,oslo,10,59.912,10.75,314.00416666666666,7.532258064516129,89.80000000000001,3.776709677419355,73.1741935483871,1321,0.2751,405,34.11483075000001,363.4071,9.384989939325003,3.0,18,norway
226,oslo,11,59.912,10.75,226.98638888888888,4.61,89.01,3.050433333333333,89.1,1365,0.2751,405,10.020314137500009,375.5115,2.7565884192262526,1.0,18,norway
227,oslo,12,59.912,10.75,187.76527777777778,-3.7580645161290325,86.25806451612904,16.83616129032258,79.18709677419353,1477,0.2751,405,15.827159250000012,406.3227,4.354051509675004,1.0,18,norway
228,paris,1,48.857,2.341,272.5108333333334,5.174193548387097,85.24838709677418,1.7751612903225806,76.80000000000001,397,0.1723,405,25.605117899999993,68.40310000000001,4.411761814169999,6.0,19,france
229,paris,2,48.857000000000006,2.341,285.2261111111111,7.903571428571429,74.48928571428571,0.8293928571428572,68.06071428571428,354,0.1723,405,36.89516893660714,60.994200000000006,6.357037607777411,10.0,19,france
230,paris,3,48.857,2.341,369.49361111111114,10.135483870967741,62.92580645161291,0.4731290322580645,55.832258064516125,362,0.1723,405,66.09477877258065,62.372600000000006,11.388130382515648,18.0,19,france
231,paris,4,48.857,2.341,411.77,11.863333333333333,62.5,1.7551,70.03666666666666,334,0.1723,405,49.96890715500002,57.5482,8.609642702806504,15.0,19,france
232,paris,5,48.857,2.341,473.94944444444445,17.17096774193548,61.54516129032258,0.4555161290322581,66.2258064516129,345,0.1723,405,64.82940408870968,59.4435,11.170106324484678,19.0,19,france
233,paris,6,48.857,2.341,483.1491666666667,19.990000000000002,62.35333333333333,2.357966666666667,62.84,367,0.1723,405,72.71298328499999,63.234100000000005,12.5284470200055,20.0,19,france
234,paris,7,48.857,2.341,486.66527777777776,22.612903225806452,53.596774193548384,0.2395483870967742,46.26774193548387,392,0.1723,405,105.9059784012097,67.5416,18.247600078528432,27.0,19,france
235,paris,8,48.857,2.341,443.90055555555557,22.77741935483871,56.809677419354834,1.984483870967742,54.7,385,0.1723,405,81.440215425,66.33550000000001,14.032149117727501,21.0,19,france
236,paris,9,48.857,2.341,377.5566666666667,16.763333333333332,70.94666666666667,1.2452666666666665,72.86999999999999,352,0.1723,405,41.48460508500002,60.64960000000001,7.147797456145503,12.0,19,france
237,paris,10,48.857,2.341,334.53277777777777,15.600000000000001,80.4,1.5118709677419355,74.1774193548387,360,0.1723,405,34.985923512096775,62.028000000000006,6.028074621134275,10.0,19,france
238,paris,11,48.857,2.341,275.62833333333333,9.753333333333334,85.71000000000001,1.3435000000000001,79.70333333333333,402,0.1723,405,22.6570624425,69.2646,3.90381185884275,6.0,19,france
239,paris,12,48.857,2.341,258.20000000000005,5.335483870967742,84.66451612903225,1.3130322580645162,88.83870967741936,423,0.1723,405,11.671472903225803,72.8829,2.010994781225806,3.0,19,france
240,podgorica,1,42.435,19.264,293.9522222222222,5.961290322580646,56.57096774193548,1.9789032258064518,39.512903225806454,269,0.079,405,72.01028187580646,21.251,5.68881226818871,27.0,20,montenegro
241,podgorica,2,42.435,19.264,296.0105555555555,8.060714285714285,64.21071428571429,5.796464285714285,47.550000000000004,253,0.079,405,62.87930223749999,19.987000000000002,4.9674648767625,25.0,20,montenegro
242,podgorica,3,42.435,19.264,370.41777777777776,9.303225806451612,46.196774193548386,2.6004193548387096,33.78387096774193,274,0.079,405,99.33690704516128,21.646,7.847615656567742,36.0,20,montenegro
243,podgorica,4,42.43500000000001,19.264,401.61305555555555,14.2,60.40333333333333,3.5343666666666667,53.14333333333333,310,0.079,405,76.21390874625,24.490000000000002,6.02089879095375,25.0,20,montenegro
244,podgorica,5,42.435,19.264,452.9375,21.274193548387096,57.170967741935485,1.078258064516129,41.33548387096774,352,0.079,405,107.61400506048386,27.808,8.501506399778226,31.0,20,montenegro
245,podgorica,6,42.43500000000001,19.264,457.0808333333333,26.986666666666668,49.84666666666667,1.1369666666666667,30.59,381,0.079,405,128.49022159874997,30.099,10.150727506301248,34.0,20,montenegro
246,podgorica,7,42.435,19.264,462.78694444444443,29.39032258064516,35.86129032258064,0.22274193548387095,18.98709677419355,392,0.079,405,151.841441475,30.968,11.995473876525,39.0,20,montenegro
247,podgorica,8,42.435,19.264,429.63666666666666,28.19677419354839,45.63548387096775,0.6548709677419354,35.829032258064515,365,0.079,405,111.65931274354841,28.835,8.821085706740325,31.0,20,montenegro
248,podgorica,9,42.43500000000001,19.264,374.5469444444444,21.283333333333335,60.57,8.4242,45.35333333333333,320,0.079,405,82.89435519749999,25.28,6.548654060602499,26.0,20,montenegro
249,podgorica,10,42.435,19.264,342.7080555555556,17.183870967741935,66.69677419354838,0.7374516129032258,29.648387096774194,287,0.079,405,97.64576107620968,22.673000000000002,7.714015125020564,34.0,20,montenegro
250,podgorica,11,42.43500000000001,19.264,293.77777777777777,12.986666666666668,75.75666666666666,12.593966666666667,58.34666666666667,264,0.079,405,49.559135999999995,20.856,3.915171744,19.0,20,montenegro
251,podgorica,12,42.435,19.264,283.0191666666667,9.890322580645162,89.83225806451614,9.669322580645161,64.73548387096774,258,0.079,405,40.42116256935485,20.382,3.193271842979033,16.0,20,montenegro
252,prague,1,50.079,14.433,267.65611111111116,2.341935483870968,77.45806451612903,0.6050645161290322,81.53548387096774,332,0.3605,405,20.01566935161291,119.68599999999999,7.215648801256454,6.0,21,czech republic
253,prague,2,50.079,14.433000000000002,282.78083333333336,4.7,66.49285714285715,0.43210714285714286,70.07142857142857,297,0.3605,405,34.27606679464286,107.0685,12.35652207946875,12.0,21,czech republic
254,prague,3,50.079,14.433,369.21805555555557,5.083870967741936,54.167741935483875,0.6565161290322581,39.94516129032258,301,0.3605,405,89.80198963911292,108.5105,32.373617264900204,30.0,21,czech republic
255,prague,4,50.079,14.433,413.9475,8.09,62.86666666666667,1.3034666666666666,73.63333333333334,280,0.3605,405,44.20338378749999,100.94,15.935319855393745,16.0,21,czech republic
256,prague,5,50.079,14.433,478.62444444444446,16.358064516129033,57.903225806451616,0.7867741935483871,65.57096774193549,292,0.3605,405,66.73823457096772,105.26599999999999,24.05913356283386,23.0,21,czech republic
257,prague,6,50.079,14.433,489.09361111111116,20.613333333333333,60.13666666666666,5.0616666666666665,58.18,313,0.3605,405,82.8382740075,112.8365,29.86319777970375,26.0,21,czech republic
258,prague,7,50.079,14.433,492.1197222222222,20.480645161290322,57.71935483870968,2.2557096774193552,56.58064516129032,338,0.3605,405,86.53845941129032,121.84899999999999,31.197114617770158,26.0,21,czech republic
259,prague,8,50.079,14.433,447.1461111111111,21.1,65.5741935483871,3.3325483870967743,61.42258064516129,331,0.3605,405,69.8614593169355,119.32549999999999,25.185056083755246,21.0,21,czech republic
260,prague,9,50.079,14.433,378.3022222222222,14.026666666666667,76.00333333333333,2.2667333333333333,73.66000000000001,304,0.3605,405,40.35614615999997,109.592,14.54839069067999,13.0,21,czech republic
261,prague,10,50.079,14.433,332.81916666666666,12.006451612903225,83.32903225806452,0.6228387096774194,71.47741935483872,314,0.3605,405,38.446089162096776,113.197,13.859815142935886,12.0,21,czech republic
262,prague,11,50.079,14.433,271.64000000000004,5.176666666666667,89.55666666666666,1.2964,82.83,345,0.3605,405,18.88943814,124.3725,6.809642449469999,5.0,21,czech republic
263,prague,12,50.079,14.433,252.60583333333335,1.8709677419354838,83.94516129032259,1.2873870967741936,87.67096774193548,355,0.3605,405,12.613261144354842,127.97749999999999,4.54708064253992,4.0,21,czech republic
264,reykjavik,1,64.146,-21.94,172.90027777777777,1.1096774193548387,75.73548387096774,3.447354838709677,82.30000000000001,1277,0.1205,405,12.394356412499995,153.8785,1.4935199477062493,1.0,22,iceland
265,reykjavik,2,64.146,-21.94,240.4702777777778,-1.292857142857143,75.64999999999999,2.71225,77.45357142857142,1126,0.1205,405,21.958071062946438,135.683,2.6459475630850458,2.0,22,iceland
266,reykjavik,3,64.146,-21.94,366.12666666666667,2.2451612903225806,79.88709677419355,3.5783870967741933,85.40967741935484,1068,0.1205,405,21.634719996774198,128.694,2.606983759611291,2.0,22,iceland
267,reykjavik,4,64.146,-21.94,454.40055555555557,5.3133333333333335,71.94333333333334,1.8052666666666668,79.29666666666667,976,0.1205,405,38.10080498249999,117.60799999999999,4.591147000391248,4.0,22,iceland
268,reykjavik,5,64.146,-21.94,573.1986111111112,7.925806451612903,70.86451612903227,0.9339354838709677,72.33548387096775,962,0.1205,405,64.22191199999999,115.92099999999999,7.738740395999998,7.0,22,iceland
269,reykjavik,6,64.146,-21.94,625.6963888888889,9.883333333333333,73.07333333333332,2.0526666666666666,80.99666666666667,982,0.1205,405,48.15578402624999,118.331,5.8027719751631235,5.0,22,iceland
270,reykjavik,7,64.146,-21.94,606.5725,10.851612903225806,80.09354838709677,2.1431612903225807,86.16129032258064,1069,0.1205,405,33.996431939516135,128.8145,4.096570048711694,3.0,22,iceland
271,reykjavik,8,64.146,-21.94,505.6388888888889,10.483870967741936,74.73870967741935,2.024516129032258,74.68387096774192,1164,0.1205,405,51.843318387096794,140.262,6.247119865645163,4.0,22,iceland
272,reykjavik,9,64.146,-21.94,390.1533333333333,9.483333333333333,78.45333333333333,2.6227,75.28666666666666,1195,0.1205,405,39.05005698000001,143.9975,4.705531866090001,3.0,22,iceland
273,reykjavik,10,64.146,-21.94,301.5208333333333,5.051612903225807,77.16774193548386,2.3790645161290325,75.01290322580645,1254,0.1205,405,30.513227479838708,151.107,3.676843911320564,2.0,22,iceland
274,reykjavik,11,64.146,-21.94,194.86138888888888,5.29,72.86999999999999,1.9516,71.13000000000001,1303,0.1205,405,22.783875603749998,157.01149999999998,2.7454570102518745,2.0,22,iceland
275,reykjavik,12,64.146,-21.94,135.3727777777778,-3.883870967741936,73.28064516129032,1.0833225806451612,50.03548387096774,1324,0.1205,405,27.3935331217742,159.542,3.3009207411737913,2.0,22,iceland
276,rome,1,41.903,12.496,295.5213888888889,7.529032258064516,72.14516129032258,0.5214193548387097,23.664516129032258,423,0.3192,405,91.36301127096775,135.0216,29.163073197692903,22.0,23,italy
277,rome,2,41.903,12.496,296.8275,9.814285714285715,67.10714285714286,0.5159642857142857,26.139285714285712,396,0.3192,405,88.79175923705355,126.4032,28.342329548467493,22.0,23,italy
278,rome,3,41.903,12.496,370.52166666666665,9.63225806451613,57.380645161290325,0.8053548387096775,17.506451612903227,412,0.3192,405,123.79087050241935,131.5104,39.51404586437226,30.0,23,italy
279,rome,4,41.903,12.496,400.9038888888889,13.386666666666667,62.70333333333333,1.0806333333333333,40.0,415,0.3192,405,97.419645,132.468,31.096350684,23.0,23,italy
280,rome,5,41.903,12.496,451.4502777777778,20.216129032258067,59.167741935483875,0.5195161290322581,29.825806451612905,422,0.3192,405,128.30464463951614,134.70239999999998,40.95484256893355,30.0,23,italy
281,rome,6,41.903,12.496,455.23,25.64333333333333,52.1,0.13219999999999998,22.6,449,0.3192,405,142.7009481,143.3208,45.55014263352,32.0,23,italy
282,rome,7,41.903,12.496,461.06138888888887,27.316129032258065,56.18709677419355,0.5629032258064516,16.07741935483871,464,0.3192,405,156.70851944516127,148.1088,50.02135940689548,34.0,23,italy
283,rome,8,41.903,12.496,428.57388888888886,26.40967741935484,60.76129032258064,0.6436129032258066,28.758064516129032,453,0.3192,405,123.65635503629032,144.5976,39.471108527583866,27.0,23,italy
284,rome,9,41.903,12.496,374.2963888888889,22.146666666666665,65.56,2.6092999999999997,38.486666666666665,432,0.3192,405,93.2480850675,137.8944,29.764788753546,22.0,23,italy
285,rome,10,41.903,12.496,343.2761111111111,18.693548387096776,74.30967741935484,0.5104193548387097,24.98709677419355,416,0.3192,405,104.28805769516129,132.78719999999998,33.28874801629548,25.0,23,italy
286,rome,11,41.903,12.496,295.0708333333333,13.413333333333332,75.73,3.890733333333333,45.56666666666667,396,0.3192,405,65.0498405625,126.4032,20.763909107549996,16.0,23,italy
287,rome,12,41.903,12.496,284.7969444444444,11.787096774193548,84.07096774193548,4.4195806451612905,48.86451612903225,396,0.3192,405,58.981079714516135,126.4032,18.82676064487355,15.0,23,italy
288,sarajevo,1,43.859,18.436,289.6538888888889,-0.7483870967741936,78.4,1.8666451612903225,63.770967741935486,315,0.071,405,42.50021434112903,22.365,3.017515218220161,13.0,24,bosnia and herzegovina
289,sarajevo,2,43.859,18.436,293.81694444444446,3.9464285714285716,70.81071428571428,4.599142857142857,66.71785714285714,284,0.071,405,39.60437295133929,20.163999999999998,2.8119104795450895,14.0,24,bosnia and herzegovina
290,sarajevo,3,43.859,18.436,370.2088888888889,4.274193548387097,55.00322580645161,0.44770967741935475,44.41290322580645,306,0.071,405,83.34429119999999,21.726,5.917444675199999,27.0,24,bosnia and herzegovina
291,sarajevo,4,43.859,18.436,403.64472222222224,9.610000000000001,62.980000000000004,1.8840333333333334,59.97666666666667,347,0.071,405,65.42858942625001,24.636999999999997,4.645429849263751,19.0,24,bosnia and herzegovina
292,sarajevo,5,43.859,18.436,457.1202777777778,16.796774193548387,64.88709677419355,1.3182903225806453,54.148387096774194,394,0.071,405,84.88679320887097,27.973999999999997,6.026962317829838,22.0,24,bosnia and herzegovina
293,sarajevo,6,43.859,18.436,462.23777777777775,22.276666666666664,60.166666666666664,0.5755333333333332,43.373333333333335,421,0.071,405,106.00868747999999,29.891,7.5266168110799985,25.0,24,bosnia and herzegovina
294,sarajevo,7,43.859,18.436,467.5413888888889,22.4,56.34193548387096,1.4008709677419355,36.983870967741936,436,0.071,405,119.32372638508065,30.955999999999996,8.471984573340725,27.0,24,bosnia and herzegovina
295,sarajevo,8,43.859,18.436,432.51444444444445,20.816129032258065,69.88387096774194,3.174387096774194,55.2,406,0.071,405,78.4754208,28.825999999999997,5.571754876799999,19.0,24,bosnia and herzegovina
296,sarajevo,9,43.859,18.436,375.1644444444444,15.363333333333333,75.77666666666667,2.7240333333333333,64.89666666666668,361,0.071,405,53.33656631999998,25.630999999999997,3.786896208719998,15.0,24,bosnia and herzegovina
297,sarajevo,10,43.859,18.436,341.0627777777778,13.183870967741935,70.95806451612903,0.3067741935483871,43.76774193548387,334,0.071,405,77.67385705161291,23.714,5.5148438506645165,23.0,24,bosnia and herzegovina
298,sarajevo,11,43.859,18.436,290.1430555555556,7.286666666666666,83.46000000000001,3.0067000000000004,72.00333333333333,306,0.071,405,32.89830556875001,21.726,2.3357796953812504,11.0,24,bosnia and herzegovina
299,sarajevo,12,43.859,18.436,278.0761111111111,5.15483870967742,86.45483870967742,5.050193548387097,79.70967741935483,296,0.071,405,22.85112868548388,21.016,1.6224301366693552,8.0,24,bosnia and herzegovina
300,skopje,1,41.995,21.43,295.2344444444444,0.8,74.9,0.6232580645161291,53.95483870967742,269,0.98,405,55.05617633225806,263.62,53.9550528056129,20.0,25,north macedonia
301,skopje,2,41.995,21.43,296.6616666666667,4.835714285714286,70.05,0.61325,59.9,248,0.98,405,48.179337975,243.04,47.2157512155,19.0,25,north macedonia
302,skopje,3,41.995,21.43,370.47277777777776,5.361290322580645,56.28387096774193,0.9002258064516129,51.78709677419355,272,0.98,405,72.33935114032258,266.56,70.89256411751613,27.0,25,north macedonia
303,skopje,4,41.995,21.43,400.9963888888889,12.01,62.13666666666666,0.8317,55.61666666666667,309,0.98,405,72.08010339375001,302.82,70.63850132587501,23.0,25,north macedonia
304,skopje,5,41.995,21.43,451.68333333333334,18.53548387096774,62.12903225806452,1.098516129032258,44.829032258064515,351,0.98,405,100.92521678225806,343.98,98.9067124466129,29.0,25,north macedonia
305,skopje,6,41.995,21.43,455.5425,23.09333333333333,62.57333333333334,1.6408666666666667,39.61333333333334,380,0.98,405,111.41020705499997,372.4,109.18200291389996,29.0,25,north macedonia
306,skopje,7,41.995,21.43,461.37166666666667,24.516129032258064,53.73225806451613,2.3532580645161287,27.76451612903226,391,0.98,405,134.9759926233871,383.18,132.27647277091936,35.0,25,north macedonia
307,skopje,8,41.995,21.43,428.7825,23.848387096774193,60.95483870967742,1.4385806451612901,40.561290322580646,364,0.98,405,103.21942805564517,356.71999999999997,101.15503949453226,28.0,25,north macedonia
308,skopje,9,41.995,21.43,374.3697222222222,17.683333333333334,70.87666666666668,1.1844999999999999,46.60666666666667,320,0.98,405,80.9548318425,313.6,79.33573520565,25.0,25,north macedonia
309,skopje,10,41.995,21.43,343.2088888888889,13.441935483870967,75.00967741935484,1.118516129032258,37.49677419354839,289,0.98,405,86.87923385806451,283.21999999999997,85.14164918090322,30.0,25,north macedonia
310,skopje,11,41.995,21.43,294.8722222222222,9.35,83.02666666666667,1.326466666666667,64.65,268,0.98,405,42.21611887499999,262.64,41.37179649749999,16.0,25,north macedonia
311,skopje,12,41.995,21.43,284.49583333333334,5.474193548387097,88.24838709677418,1.0190645161290321,73.28387096774195,261,0.98,405,30.782540939516114,255.78,30.166890120725792,12.0,25,north macedonia
312,sofia,1,42.696999999999996,23.324,293.17083333333335,-0.2451612903225807,78.14193548387097,0.7059354838709677,55.12903225806452,247,0.093,405,53.27717897177419,22.971,4.954777644375,22.0,26,bulgaria
313,sofia,2,42.697,23.324,295.6011111111111,2.7464285714285714,74.25714285714285,1.74775,59.28214285714286,241,0.093,405,48.746787444642855,22.413,4.533451232351785,20.0,26,bulgaria
314,sofia,3,42.696999999999996,23.324,370.36277777777775,2.603225806451613,63.516129032258064,0.4156451612903226,53.70322580645161,276,0.093,405,69.4437376645161,25.668,6.458267602799998,25.0,26,bulgaria
315,sofia,4,42.697,23.324,401.9627777777778,10.03,64.77,2.0936,51.66,314,0.093,405,78.695066745,29.201999999999998,7.318641207285,25.0,26,bulgaria
316,sofia,5,42.696999999999996,23.324,453.6761111111111,16.1,63.987096774193546,1.4931935483870968,42.32258064516129,364,0.093,405,105.97581261290321,33.852,9.855750572999998,29.0,26,bulgaria
317,sofia,6,42.697,23.324,458.00388888888887,19.753333333333334,71.74,4.7197000000000005,40.57,402,0.093,405,110.2376430225,37.386,10.2521008010925,27.0,26,bulgaria
318,sofia,7,42.696999999999996,23.324,463.64972222222224,21.925806451612903,58.20645161290323,2.2113548387096773,27.75483870967742,425,0.093,405,135.66061830483872,39.525,12.616437502350001,32.0,26,bulgaria
319,sofia,8,42.696999999999996,23.324,430.17111111111114,21.483870967741936,66.31290322580645,1.479,37.648387096774194,412,0.093,405,108.62854353870968,38.316,10.1024545491,26.0,26,bulgaria
320,sofia,9,42.697,23.324,374.67277777777775,15.833333333333334,71.38666666666667,1.9308666666666665,48.29,349,0.093,405,78.46603382249998,32.457,7.297341145492498,22.0,26,bulgaria
321,sofia,10,42.696999999999996,23.324,342.4277777777778,11.82258064516129,70.96129032258065,0.3173870967741936,30.851612903225806,313,0.093,405,95.8972305483871,29.108999999999998,8.918442441,31.0,26,bulgaria
322,sofia,11,42.697,23.324,293.1358333333333,7.786666666666666,82.00333333333333,1.1333666666666666,62.43333333333333,276,0.093,405,44.5991513625,25.668,4.1477210767125,16.0,26,bulgaria
323,sofia,12,42.696999999999996,23.324,282.1336111111111,3.6258064516129034,85.40967741935484,1.0819032258064516,63.190322580645166,247,0.093,405,42.06025121733871,22.971,3.9116033632125,17.0,26,bulgaria
324,stockholm,1,59.333,18.067,217.67138888888888,0.4258064516129032,81.11935483870967,1.238064516129032,58.516129032258064,463,0.248,405,36.57089983064515,114.824,9.069583157999999,8.0,27,sweden
325,stockholm,2,59.333000000000006,18.067,259.07694444444445,0.7928571428571428,79.02499999999999,1.6365,54.903571428571425,429,0.248,405,47.31795192455357,106.392,11.734852077289284,11.0,27,sweden
326,stockholm,3,59.333,18.067,367.2088888888889,3.6193548387096777,59.9483870967742,0.019064516129032257,18.46451612903226,423,0.248,405,121.25924547096774,104.904,30.0722928768,29.0,27,sweden
327,stockholm,4,59.333,18.067,436.1763888888889,5.33,60.29333333333333,0.9464666666666667,46.09666666666667,421,0.248,405,95.22101319374998,104.408,23.614811272049995,23.0,27,sweden
328,stockholm,5,59.333,18.067,527.8680555555557,11.23225806451613,60.50645161290322,1.2590322580645161,52.148387096774194,463,0.248,405,102.30031832661291,114.824,25.370478945000002,22.0,27,sweden
329,stockholm,6,59.333,18.067,554.2875,17.863333333333333,65.54,1.7021333333333333,48.526666666666664,494,0.248,405,115.55065226250001,122.512,28.6565617611,23.0,27,sweden
330,stockholm,7,59.333,18.067,549.9847222222222,18.258064516129032,64.6741935483871,1.8103225806451613,53.23870967741936,537,0.248,405,104.15788083870966,133.176,25.831154447999996,19.0,27,sweden
331,stockholm,8,59.333,18.067,479.3577777777778,19.5258064516129,68.36774193548388,1.6044193548387098,44.438709677419354,526,0.248,405,107.86663347096776,130.448,26.750925100800004,21.0,27,sweden
332,stockholm,9,59.333,18.067,385.13916666666665,11.403333333333334,78.31666666666666,1.7851333333333335,62.55,474,0.248,405,58.41502025625,117.55199999999999,14.48692502355,12.0,27,sweden
333,stockholm,10,59.333,18.067,315.47222222222223,9.625806451612902,82.90322580645162,1.2790645161290322,59.86129032258064,446,0.248,405,51.28372415322581,110.608,12.718363590000001,11.0,27,sweden
334,stockholm,11,59.333,18.067,230.54166666666669,5.166666666666667,88.50333333333333,2.515633333333333,80.58666666666666,446,0.248,405,18.12610800000001,110.608,4.495274784000002,4.0,27,sweden
335,stockholm,12,59.333,18.067,193.1302777777778,-1.8709677419354838,88.90645161290323,1.0478064516129033,77.34193548387097,446,0.248,405,17.72263109032258,110.608,4.3952125103999995,4.0,27,sweden
336,tallinn,1,59.436,24.753,216.87305555555557,-1.7129032258064516,88.95161290322581,2.0218064516129033,79.82903225806452,465,0.2085,405,17.71688460120968,96.9525,3.6939704393522184,4.0,28,estonia
337,tallinn,2,59.436,24.753000000000004,258.6902777777778,-0.44642857142857145,88.83214285714287,1.6436428571428572,79.16428571428571,429,0.2085,405,21.829486700892865,89.4465,4.551447977136162,5.0,28,estonia
338,tallinn,3,59.436,24.753,367.12888888888887,0.7806451612903226,72.23548387096774,0.10974193548387097,34.99032258064516,440,0.2085,405,96.66106908387096,91.74,20.153832903987094,22.0,28,estonia
339,tallinn,4,59.436,24.753,436.4511111111111,3.646666666666667,70.38666666666667,1.1250333333333333,42.690000000000005,474,0.2085,405,101.30270337,98.829,21.121613652645,21.0,28,estonia
340,tallinn,5,59.436,24.753,528.5844444444444,9.72258064516129,65.29677419354839,1.2690645161290324,42.37419354838709,518,0.2085,405,123.3634248,108.003,25.7212740708,24.0,28,estonia
341,tallinn,6,59.436,24.753,555.3475,17.056666666666665,69.92666666666668,0.7799,34.440000000000005,563,0.2085,405,147.45475750499998,117.3855,30.744316939792494,26.0,28,estonia
342,tallinn,7,59.436,24.753,550.9322222222223,18.177419354838708,74.20645161290322,1.9897419354838708,46.78709677419355,585,0.2085,405,118.73264725161293,121.9725,24.755756951961295,20.0,28,estonia
343,tallinn,8,59.436,24.753,479.8813888888889,19.79032258064516,72.1258064516129,0.30793548387096775,37.23870967741936,574,0.2085,405,121.97779943225808,119.67899999999999,25.432371181625808,21.0,28,estonia
344,tallinn,9,59.436,24.753,385.2863888888889,10.233333333333333,76.94333333333334,1.7116000000000002,52.309999999999995,518,0.2085,405,74.41594693875001,108.003,15.515724936729377,14.0,28,estonia
345,tallinn,10,59.436,24.753,315.27416666666664,8.729032258064517,85.20645161290322,1.1327096774193548,69.27741935483871,474,0.2085,405,39.228445843548386,98.829,8.179130958379838,8.0,28,estonia
346,tallinn,11,59.436,24.753,229.965,2.5566666666666666,90.08,1.5536999999999999,87.34333333333333,440,0.2085,405,11.787890917500004,91.74,2.457775256298751,3.0,28,estonia
347,tallinn,12,59.436,24.753,192.20277777777778,-3.1806451612903226,92.5516129032258,1.8968064516129033,87.19354838709677,429,0.2085,405,9.968814072580653,89.4465,2.078497734133066,2.0,28,estonia
348,tirana,1,41.321999999999996,19.825,297.1636111111111,6.109677419354839,64.77741935483871,1.1700967741935484,45.89354838709678,282,0.081,405,65.11779761008063,22.842000000000002,5.274541606416531,23.0,29,albania
349,tirana,2,41.322,19.825,297.6533333333333,8.689285714285715,66.86785714285715,3.014714285714286,51.63214285714286,272,0.081,405,58.307258314285704,22.032,4.722887923457142,21.0,29,albania
350,tirana,3,41.321999999999996,19.825,370.57444444444445,8.790322580645162,57.10322580645161,0.8471612903225807,46.92258064516129,305,0.081,405,79.65999751935485,24.705000000000002,6.452459799067743,26.0,29,albania
351,tirana,4,41.322,19.825,400.09250000000003,14.443333333333333,64.45666666666666,3.1369666666666665,56.330000000000005,347,0.081,405,70.76175987375001,28.107,5.731702549773751,20.0,29,albania
352,tirana,5,41.321999999999996,19.825,449.81888888888886,20.193548387096776,65.14838709677419,0.5645483870967741,43.29032258064516,402,0.081,405,103.3117905483871,32.562,8.368255034419354,26.0,29,albania
353,tirana,6,41.322,19.825,453.24583333333334,25.779999999999998,60.97,2.3901666666666666,38.28,438,0.081,405,113.296047975,35.478,9.176979885975,26.0,29,albania
354,tirana,7,41.321999999999996,19.825,459.24805555555554,26.990322580645163,55.39354838709678,0.19364516129032258,21.30322580645161,454,0.081,405,146.37242913387095,36.774,11.856166759843548,32.0,29,albania
355,tirana,8,41.321999999999996,19.825,427.4861111111111,26.116129032258065,62.52258064516129,2.5241612903225805,44.877419354838715,440,0.081,405,95.43475741935484,35.64,7.730215350967742,22.0,29,albania
356,tirana,9,41.322,19.825,374.08500000000004,21.470000000000002,66.09333333333333,4.739766666666667,49.166666666666664,387,0.081,405,77.014749375,31.347,6.238194699375,20.0,29,albania
357,tirana,10,41.321999999999996,19.825,343.94194444444446,17.15806451612903,73.35483870967742,3.3206129032258067,34.67741935483871,343,0.081,405,90.99206038306453,27.783,7.370356891028226,27.0,29,albania
358,tirana,11,41.322,19.825,296.49444444444447,13.843333333333334,76.84333333333333,6.8671999999999995,61.65333333333333,299,0.081,405,46.04677320000001,24.219,3.729788629200001,15.0,29,albania
359,tirana,12,41.321999999999996,19.825,286.70472222222224,11.893548387096773,79.48387096774194,5.141580645161291,60.28064516129032,282,0.081,405,46.120292713306455,22.842000000000002,3.735743709777823,16.0,29,albania
360,valletta,1,35.894,14.512,311.2875,11.69032258064516,77.25483870967743,2.246806451612903,42.400000000000006,275,0.134,405,72.617148,36.85,9.730697832,26.0,30,malta
361,valletta,2,35.894,14.512,304.96444444444444,12.553571428571429,75.92142857142858,0.1325,37.95357142857143,275,0.134,405,76.63391620714285,36.85,10.268944771757141,28.0,30,malta
362,valletta,3,35.894,14.512,371.3227777777778,12.461290322580645,73.9,0.7203225806451613,44.49032258064516,296,0.134,405,83.47863083225808,39.664,11.186136531522584,28.0,30,malta
363,valletta,4,35.894,14.512,393.42277777777775,15.796666666666665,72.75666666666666,0.07843333333333333,46.263333333333335,334,0.134,405,85.62197610749999,44.756,11.473344798405,26.0,30,malta
364,valletta,5,35.894,14.512,436.1933333333333,20.374193548387098,68.74516129032257,0.5452258064516129,29.893548387096775,358,0.134,405,123.84886560967742,47.972,16.595747991696776,35.0,30,malta
365,valletta,6,35.894,14.512,436.5725,27.016666666666666,53.06333333333334,0.013333333333333334,10.463333333333333,385,0.134,405,158.31144795374996,51.59,21.213734025802495,41.0,30,malta
366,valletta,7,35.894,14.512,443.79055555555556,28.451612903225808,65.18064516129031,0.009741935483870968,16.4,438,0.134,405,150.25860630000003,58.692,20.134653244200006,34.0,30,malta
367,valletta,8,35.894,14.512,418.00333333333333,28.02258064516129,71.18064516129031,0.21225806451612902,24.345161290322583,456,0.134,405,128.0770977919355,61.104000000000006,17.162331104119357,28.0,30,malta
368,valletta,9,35.894,14.512,372.0336111111111,26.029999999999998,72.93,1.9833666666666667,30.87,418,0.134,405,104.16066832124999,56.012,13.957529555047499,25.0,30,malta
369,valletta,10,35.894,14.512,349.4013888888889,21.67096774193548,76.76774193548388,0.2907096774193548,29.15806451612903,377,0.134,405,100.2466961310484,50.518,13.433057281560485,27.0,30,malta
370,valletta,11,35.894,14.512,308.4472222222222,18.026666666666664,78.32,4.480833333333334,40.626666666666665,334,0.134,405,74.16983594999999,44.756,9.9387580173,22.0,30,malta
371,valletta,12,35.894,14.512,302.8363888888889,16.335483870967742,85.21612903225805,0.17038709677419356,39.66451612903226,290,0.134,405,74.00070923225807,38.86,9.916095037122583,26.0,30,malta
372,vienna,1,48.203,16.368,274.9377777777778,4.190322580645161,66.02903225806452,0.7449354838709678,62.274193548387096,466,0.206,405,42.00761003225808,95.996,8.653567666645163,9.0,31,austria
373,vienna,2,48.20300000000001,16.368,286.3963888888889,7.017857142857143,57.107142857142854,0.5676428571428571,59.55357142857143,429,0.206,405,46.914029899553576,88.374,9.664290159308036,11.0,31,austria
374,vienna,3,48.203,16.368,369.53277777777777,7.483870967741935,44.487096774193546,0.3678709677419355,34.29677419354839,440,0.206,405,98.33195694193549,90.64,20.25638313003871,22.0,31,austria
375,vienna,4,48.203,16.368,410.555,10.563333333333333,56.973333333333336,0.5871666666666666,62.15,488,0.206,405,62.93500233750001,100.52799999999999,12.964610481525002,13.0,31,austria
376,vienna,5,48.203,16.368,471.48333333333335,18.69677419354839,55.854838709677416,1.2244838709677421,54.68709677419355,532,0.206,405,86.52532855645163,109.592,17.824217682629033,16.0,31,austria
377,vienna,6,48.203,16.368,480.1072222222222,22.63,57.6,3.9882666666666666,49.486666666666665,569,0.206,405,98.21985541500001,117.214,20.23329021549,17.0,31,austria
378,vienna,7,48.203,16.368,483.9327777777778,23.37741935483871,51.63870967741936,1.0823870967741935,48.63225806451613,611,0.206,405,100.67706287419355,125.866,20.73947495208387,16.0,31,austria
379,vienna,8,48.203,16.368,442.325,23.419354838709676,56.538709677419355,1.901516129032258,54.36129032258064,597,0.206,405,81.75792614516128,122.982,16.84213278590322,14.0,31,austria
380,vienna,9,48.203,16.368,377.2733333333333,16.41,67.92666666666666,1.3330666666666666,65.94,536,0.206,405,52.04221541999999,110.416,10.720696376519998,10.0,31,austria
381,vienna,10,48.203,16.368,335.5177777777778,14.158064516129032,77.32903225806452,0.46683870967741936,63.53225806451613,488,0.206,405,49.55408172580646,100.52799999999999,10.208140835516131,10.0,31,austria
382,vienna,11,48.203,16.368,277.74972222222226,7.866666666666666,82.36999999999999,0.6977333333333333,73.67333333333333,451,0.206,405,29.6145086325,92.90599999999999,6.100588778295,7.0,31,austria
383,vienna,12,48.203,16.368,261.07444444444445,3.261290322580645,81.8225806451613,0.806,79.73548387096774,429,0.206,405,21.426716525806455,88.374,4.41390360431613,5.0,31,austria
384,vilnius,1,54.691,25.27,246.3613888888889,-1.6419354838709677,88.4,2.0456451612903224,86.43548387096774,327,0.2,405,13.534180784274191,65.4,2.7068361568548385,4.0,32,lithuania
385,vilnius,2,54.690999999999995,25.27,272.3777777777778,0.1857142857142857,85.36428571428571,1.4529642857142857,79.17857142857143,299,0.2,405,22.968742499999998,59.800000000000004,4.593748499999999,8.0,32,lithuania
386,vilnius,3,54.691,25.27,368.25694444444446,1.403225806451613,59.09354838709677,0.016870967741935482,39.877419354838715,306,0.2,405,89.66925925403226,61.2,17.93385185080645,29.0,32,lithuania
387,vilnius,4,54.691,25.27,423.5813888888889,5.413333333333333,65.66333333333334,0.46123333333333333,69.89,338,0.2,405,51.653844258750006,67.60000000000001,10.330768851750001,15.0,32,lithuania
388,vilnius,5,54.691,25.27,499.45750000000004,10.86774193548387,65.67096774193548,1.9821612903225807,65.13870967741936,383,0.2,405,70.5175182907258,76.60000000000001,14.103503658145161,18.0,32,lithuania
389,vilnius,6,54.691,25.27,515.9194444444445,17.823333333333334,73.23,1.8981,63.14666666666666,414,0.2,405,77.00407260000001,82.80000000000001,15.400814520000004,19.0,32,lithuania
390,vilnius,7,54.691,25.27,516.3622222222223,17.783870967741933,74.68064516129031,0.4077741935483871,65.36774193548388,456,0.2,405,72.42529842580645,91.2,14.48505968516129,16.0,32,lithuania
391,vilnius,8,54.691,25.27,461.1338888888889,20.751612903225805,67.71935483870968,0.9656129032258065,53.332258064516125,438,0.2,405,87.15631316370968,87.60000000000001,17.431262632741937,20.0,32,lithuania
392,vilnius,9,54.691,25.27,381.34583333333336,10.263333333333332,80.98333333333333,0.0027666666666666664,68.8,396,0.2,405,48.186859500000004,79.2,9.637371900000002,12.0,32,lithuania
393,vilnius,10,54.691,25.27,325.25,8.796774193548387,87.5741935483871,0.2404516129032258,74.33870967741936,360,0.2,405,33.80265544354838,72.0,6.760531088709676,9.0,32,lithuania
394,vilnius,11,54.691,25.27,254.0277777777778,1.91,92.70666666666666,0.7231666666666666,93.36999999999999,327,0.2,405,6.821026875000015,65.4,1.3642053750000032,2.0,32,lithuania
395,vilnius,12,54.691,25.27,227.6663888888889,-3.429032258064516,93.5,1.5503225806451613,90.78064516129032,306,0.2,405,8.500695757258068,61.2,1.7001391514516138,3.0,32,lithuania
396,warsaw,1,52.236,21.01,258.36833333333334,1.0129032258064516,84.28709677419356,2.3958709677419354,73.84516129032258,405,0.126,405,27.368207448387096,51.03,3.448394138496774,7.0,33,poland
397,warsaw,2,52.236,21.01,278.1952777777778,3.342857142857143,76.59642857142856,1.1164642857142857,67.07857142857144,375,0.126,405,37.09227316339285,47.25,4.673626418587499,10.0,33,poland
398,warsaw,3,52.236,21.01,368.78055555555557,3.648387096774193,56.274193548387096,0.04051612903225806,35.777419354838706,383,0.126,405,95.9203578266129,48.258,12.085965086153225,25.0,33,poland
399,warsaw,4,52.236,21.01,418.1744444444445,7.276666666666667,65.65666666666667,3.525466666666667,67.38333333333334,405,0.126,405,55.239798674999996,51.03,6.96021463305,14.0,33,poland
400,warsaw,5,52.236,21.01,487.6877777777778,14.13225806451613,57.94516129032258,0.9004516129032258,51.86774193548387,451,0.126,405,95.06773159838711,56.826,11.978534181396777,21.0,33,poland
401,warsaw,6,52.236,21.01,500.66166666666675,19.726666666666667,64.63666666666667,1.2556,45.82333333333334,486,0.126,405,109.85292992250001,61.236,13.841469170235001,23.0,33,poland
402,warsaw,7,52.236,21.01,502.6316666666667,19.483870967741936,66.47096774193548,3.000225806451613,51.34516129032258,529,0.126,405,99.0446238217742,66.654,12.479622601543548,19.0,33,poland
403,warsaw,8,52.236,21.01,453.2838888888889,22.006451612903227,66.21935483870968,0.8380967741935484,50.935483870967744,508,0.126,405,90.07262644354837,64.008,11.349150931887095,18.0,33,poland
404,warsaw,9,52.236,21.01,379.6477777777778,12.466666666666667,73.42333333333333,1.1687,59.53333333333333,446,0.126,405,62.22047430000001,56.196,7.839779761800001,14.0,33,poland
405,warsaw,10,52.236,21.01,329.4866666666667,11.187096774193549,83.43870967741935,0.9004193548387097,59.16451612903226,405,0.126,405,54.49172722258064,51.03,6.865957630045161,13.0,33,poland
406,warsaw,11,52.236,21.01,263.9425,4.206666666666667,87.98333333333333,0.4926333333333333,81.40666666666667,375,0.126,405,19.875662077499992,47.25,2.504333421764999,5.0,33,poland
407,warsaw,12,52.236,21.01,241.785,0.5741935483870967,87.50322580645161,1.5051935483870968,83.23870967741935,364,0.126,405,16.413145751612905,45.864,2.068056364703226,5.0,33,poland
408,zagreb,1,45.807,15.968,283.3855555555556,2.351612903225807,77.13548387096773,1.0119354838709678,47.26451612903226,366,0.117,405,60.52512129677419,42.822,7.0814391917225805,17.0,34,croatia
409,zagreb,2,45.807,15.968,290.6436111111111,6.010714285714286,69.46428571428571,1.2765357142857143,53.528571428571425,338,0.117,405,54.70182644464287,39.546,6.400113694023216,16.0,34,croatia
410,zagreb,3,45.807,15.968,369.9222222222222,7.129032258064516,51.29354838709677,0.9384193548387098,34.95161290322581,351,0.117,405,97.45451782258063,41.067,11.402178585241934,28.0,34,croatia
411,zagreb,4,45.807,15.968,406.6047222222222,11.4,63.18333333333333,2.1703666666666668,55.55,383,0.117,405,73.19799860625001,44.811,8.564165836931252,19.0,34,croatia
412,zagreb,5,45.807,15.968,463.2388888888889,19.15806451612903,63.961290322580645,1.734225806451613,53.903225806451616,425,0.117,405,86.48296475806451,49.725,10.118506876693548,20.0,34,croatia
413,zagreb,6,45.807,15.968,469.81416666666667,23.646666666666665,63.61,1.8577666666666668,41.24666666666667,466,0.117,405,111.79275077249997,54.522000000000006,13.079751840382498,24.0,34,croatia
414,zagreb,7,45.807,15.968,474.50194444444446,24.316129032258065,56.94193548387097,1.6963548387096776,34.42580645161291,518,0.117,405,126.0160834935484,60.606,14.743881768745164,24.0,34,croatia
415,zagreb,8,45.807,15.968,436.69666666666666,23.758064516129032,61.81935483870968,0.6243225806451612,50.49677419354839,495,0.117,405,87.55246948064516,57.915000000000006,10.243638929235484,18.0,34,croatia
416,zagreb,9,45.807,15.968,376.0588888888889,16.96333333333333,76.30333333333333,7.8159,60.60333333333334,425,0.117,405,60.00264010499999,49.725,7.020308892285,14.0,34,croatia
417,zagreb,10,45.807,15.968,338.67583333333334,14.44516129032258,81.90322580645162,0.725967741935484,57.12580645161291,389,0.117,405,58.80783557540321,45.513000000000005,6.880516762322176,15.0,34,croatia
418,zagreb,11,45.807,15.968,284.8461111111111,8.110000000000001,89.01,3.1344666666666665,75.03,357,0.117,405,28.806059947500003,41.769000000000005,3.3703090138575007,8.0,34,croatia
419,zagreb,12,45.807,15.968,270.8444444444445,4.567741935483871,90.3483870967742,3.4153548387096775,81.50322580645161,338,0.117,405,20.289481548387105,39.546,2.3738693411612912,6.0,34,croatia
